user_id,timestamp,heart_rate,respiration_rate,activity
abcd,1649598774,55,24,1
abcd,1649598775,63,19,1
abcd,1649598776,53,10,8
abcd,1649598777,44,34,3
abcd,1649598778,73,31,9
abcd,1649598779,69,11,0
abcd,1649598780,96,33,0
abcd,1649598781,53,14,9
abcd,1649598782,52,31,9
abcd,1649598783,43,25,0
abcd,1649598784,69,28,2
abcd,1649598785,100,35,4
abcd,1649598786,51,28,9
abcd,1649598787,64,30,2
abcd,1649598788,60,38,9
abcd,1649598789,55,19,10
abcd,1649598790,55,32,10
abcd,1649598791,94,13,6
abcd,1649598792,81,13,4
abcd,1649598794,81,18,2
abcd,1649598795,97,15,6
abcd,1649598796,55,18,9
abcd,1649598797,86,32,5
abcd,1649598798,60,22,7
abcd,1649598799,90,21,7
abcd,1649598800,41,15,9
abcd,1649598801,96,37,7
abcd,1649598802,47,22,5
abcd,1649598803,66,37,9
abcd,1649598804,64,33,6
abcd,1649598805,41,12,10
abcd,1649598806,93,11,1
abcd,1649598807,55,21,1
abcd,1649598808,43,11,9
abcd,1649598809,74,34,8
abcd,1649598810,43,11,9
abcd,1649598811,41,28,6
abcd,1649598812,99,11,10
abcd,1649598813,40,25,2
abcd,1649598814,74,22,3
abcd,1649598816,55,26,3
abcd,1649598817,59,20,8
abcd,1649598818,66,23,4
abcd,1649598819,68,35,5
abcd,1649598820,60,22,4
abcd,1649598821,40,13,2
abcd,1649598822,78,20,2
abcd,1649598823,59,27,9
abcd,1649598824,60,33,9
abcd,1649598825,54,17,6
abcd,1649598826,96,39,7
abcd,1649598827,95,25,6
abcd,1649598828,89,26,9
abcd,1649598829,82,36,0
abcd,1649598830,70,27,10
abcd,1649598831,48,10,0
abcd,1649598832,57,26,2
abcd,1649598833,54,10,3
abcd,1649598834,81,18,6
abcd,1649598836,42,16,7
abcd,1649598837,41,24,3
abcd,1649598838,85,34,3
abcd,1649598839,98,17,1
abcd,1649598840,88,39,10
abcd,1649598841,72,26,8
abcd,1649598842,94,26,5
abcd,1649598843,70,36,7
abcd,1649598844,57,36,10
abcd,1649598845,89,16,8
abcd,1649598846,64,10,2
abcd,1649598847,71,27,8
abcd,1649598848,100,36,2
abcd,1649598849,51,13,7
abcd,1649598850,94,12,7
abcd,1649598851,43,29,6
abcd,1649598852,89,24,9
abcd,1649598853,60,24,4
abcd,1649598854,81,18,10
abcd,1649598855,70,38,9
abcd,1649598857,75,37,8
abcd,1649598858,80,24,6
abcd,1649598859,68,22,6
abcd,1649598860,76,38,8
abcd,1649598861,84,40,4
abcd,1649598862,96,15,0
abcd,1649598863,46,33,1
abcd,1649598864,55,28,1
abcd,1649598865,75,21,10
abcd,1649598866,94,22,9
abcd,1649598867,88,34,2
abcd,1649598868,74,21,9
abcd,1649598869,47,24,9
abcd,1649598870,78,32,2
abcd,1649598871,98,24,0
abcd,1649598872,73,24,0
abcd,1649598873,48,34,0
abcd,1649598874,99,11,6
abcd,1649598875,53,14,7
abcd,1649598876,54,15,6
abcd,1649598878,66,19,2
abcd,1649598879,94,31,2
abcd,1649598880,52,16,8
abcd,1649598881,57,12,10
abcd,1649598882,95,24,1
abcd,1649598883,52,28,6
abcd,1649598884,64,29,1
abcd,1649598885,81,34,4
abcd,1649598886,95,12,4
abcd,1649598887,83,13,1
abcd,1649598888,96,20,4
abcd,1649598889,41,22,0
abcd,1649598890,74,16,0
abcd,1649598891,43,25,5
abcd,1649598892,64,30,4
abcd,1649598893,41,28,5
abcd,1649598894,53,34,0
abcd,1649598895,89,30,8
abcd,1649598896,62,11,5
abcd,1649598897,41,15,2
abcd,1649598899,82,29,2
abcd,1649598900,63,19,9
abcd,1649598901,100,29,4
abcd,1649598902,61,20,0
abcd,1649598903,54,15,8
abcd,1649598904,91,15,9
abcd,1649598905,62,27,10
abcd,1649598906,49,17,6
abcd,1649598907,48,15,5
abcd,1649598908,71,34,2
abcd,1649598909,52,29,10
abcd,1649598910,68,21,2
abcd,1649598911,61,29,3
abcd,1649598912,62,29,0
abcd,1649598913,87,18,3
abcd,1649598914,68,35,6
abcd,1649598915,100,20,5
abcd,1649598916,97,15,0
abcd,1649598917,46,17,0
abcd,1649598918,45,18,9
abcd,1649598919,80,10,6
abcd,1649598921,41,39,10
abcd,1649598922,96,15,1
abcd,1649598923,99,39,6
abcd,1649598924,89,22,3
abcd,1649598925,48,14,4
abcd,1649598926,80,39,9
abcd,1649598927,61,16,4
abcd,1649598928,85,26,1
abcd,1649598929,90,27,0
abcd,1649598930,59,11,6
abcd,1649598931,78,22,8
abcd,1649598932,70,30,3
abcd,1649598933,70,20,6
abcd,1649598934,93,26,4
abcd,1649598935,83,34,6
abcd,1649598936,75,37,9
abcd,1649598937,87,37,0
abcd,1649598939,52,28,7
abcd,1649598940,62,31,0
abcd,1649598941,50,13,5
abcd,1649598942,49,31,4
abcd,1649598943,85,32,6
abcd,1649598944,51,10,0
abcd,1649598945,53,30,2
abcd,1649598946,97,18,5
abcd,1649598947,57,22,1
abcd,1649598948,64,14,2
abcd,1649598949,48,36,5
abcd,1649598950,73,24,10
abcd,1649598951,64,39,7
abcd,1649598952,89,17,6
abcd,1649598953,81,22,9
abcd,1649598954,96,12,0
abcd,1649598955,84,33,0
abcd,1649598957,49,15,2
abcd,1649598958,80,34,1
abcd,1649598959,100,32,10
abcd,1649598960,62,24,4
abcd,1649598961,81,22,7
abcd,1649598962,51,26,10
abcd,1649598963,42,33,7
abcd,1649598964,66,37,4
abcd,1649598965,52,19,10
abcd,1649598966,80,31,4
abcd,1649598967,84,28,5
abcd,1649598968,96,18,10
abcd,1649598969,71,22,1
abcd,1649598970,69,14,5
abcd,1649598971,77,20,4
abcd,1649598972,94,22,5
abcd,1649598973,96,10,8
abcd,1649598974,80,12,4
abcd,1649598975,78,19,1
abcd,1649598977,50,39,4
abcd,1649598978,45,29,7
abcd,1649598979,64,27,9
abcd,1649598980,60,11,7
abcd,1649598981,80,35,6
abcd,1649598982,95,15,4
abcd,1649598983,62,15,1
abcd,1649598984,50,22,10
abcd,1649598985,73,37,4
abcd,1649598986,79,14,0
abcd,1649598987,76,11,3
abcd,1649598988,73,29,8
abcd,1649598989,88,21,0
abcd,1649598990,46,11,7
abcd,1649598991,54,40,6
abcd,1649598992,56,40,6
abcd,1649598993,51,39,0
abcd,1649598994,44,36,9
abcd,1649598995,90,38,7
abcd,1649598996,99,12,3
abcd,1649598998,57,14,2
abcd,1649598999,78,13,9
abcd,1649599000,46,29,1
abcd,1649599001,80,15,5
abcd,1649599002,91,24,8
abcd,1649599003,92,36,3
abcd,1649599004,47,35,6
abcd,1649599005,79,20,0
abcd,1649599006,96,21,1
abcd,1649599007,62,30,10
abcd,1649599008,97,14,6
abcd,1649599009,82,16,0
abcd,1649599010,82,35,10
abcd,1649599011,55,30,2
abcd,1649599012,53,18,2
abcd,1649599013,87,27,5
abcd,1649599014,75,26,3
abcd,1649599015,97,19,4
abcd,1649599018,91,40,6
abcd,1649599019,86,13,8
abcd,1649599020,95,40,10
abcd,1649599021,79,16,2
abcd,1649599022,89,19,4
abcd,1649599023,79,13,8
abcd,1649599024,49,29,10
abcd,1649599025,50,23,8
abcd,1649599026,67,32,1
abcd,1649599027,89,19,6
abcd,1649599028,73,30,5
abcd,1649599029,80,28,2
abcd,1649599030,72,16,4
abcd,1649599031,40,34,3
abcd,1649599032,60,11,7
abcd,1649599033,57,27,7
abcd,1649599034,40,26,7
abcd,1649599035,87,30,5
abcd,1649599717,81,14,3
abcd,1649599718,99,32,0
abcd,1649599719,81,28,8
abcd,1649599720,89,37,8
abcd,1649599721,40,40,10
abcd,1649599722,68,39,8
abcd,1649599723,44,10,3
abcd,1649599724,49,17,0
abcd,1649599725,91,39,1
abcd,1649599727,54,14,6
abcd,1649599728,58,18,2
abcd,1649599729,83,30,2
abcd,1649599730,42,15,7
abcd,1649599731,42,23,8
abcd,1649599732,45,28,8
abcd,1649599733,56,12,1
abcd,1649599734,71,26,4
abcd,1649599735,44,17,10
abcd,1649599736,95,17,5
abcd,1649599737,98,23,3
abcd,1649599738,95,31,5
abcd,1649599739,98,22,5
abcd,1649599740,88,24,1
abcd,1649599741,72,38,8
abcd,1649599742,84,25,2
abcd,1649599743,46,28,2
abcd,1649599744,61,14,5
abcd,1649599745,81,22,0
abcd,1649599746,58,27,7
abcd,1649599747,57,37,4
abcd,1649599748,83,13,5
abcd,1649599749,93,21,3
abcd,1649599750,88,12,1
abcd,1649599751,80,33,9
abcd,1649599752,76,21,8
abcd,1649599753,97,40,8
abcd,1649599754,50,10,9
abcd,1649599755,99,17,6
abcd,1649599757,60,14,8
abcd,1649599758,91,31,6
abcd,1649599759,76,16,1
abcd,1649599760,74,37,4
abcd,1649599761,45,15,3
abcd,1649599762,93,17,7
abcd,1649599763,60,35,1
abcd,1649599764,62,16,8
abcd,1649599765,98,27,7
abcd,1649599766,74,10,8
abcd,1649599767,61,17,10
abcd,1649599768,91,19,8
abcd,1649599769,71,38,8
abcd,1649599770,60,24,3
abcd,1649599771,94,26,6
abcd,1649599772,48,35,2
abcd,1649599773,74,33,4
abcd,1649599774,45,32,1
abcd,1649599775,86,16,9
abcd,1649599776,94,11,3
abcd,1649599777,63,10,9
abcd,1649599778,91,34,3
abcd,1649599779,80,13,0
abcd,1649599780,94,31,10
abcd,1649599781,54,18,0
abcd,1649599782,41,25,3
abcd,1649599783,49,33,1
abcd,1649599784,99,33,9
abcd,1649599785,43,15,4
abcd,1649599786,68,21,7
abcd,1649599787,44,39,1
abcd,1649599788,71,15,10
abcd,1649599789,62,13,1
abcd,1649599790,95,28,4
abcd,1649599791,65,17,6
abcd,1649599792,81,18,1
abcd,1649599793,56,22,9
abcd,1649599794,87,13,6
abcd,1649599795,99,26,1
abcd,1649599796,49,26,2
abcd,1649599797,79,36,2
abcd,1649599798,92,36,6
abcd,1649599799,50,23,1
abcd,1649599801,80,36,9
abcd,1649599802,74,38,4
abcd,1649599803,52,32,2
abcd,1649599804,83,32,7
abcd,1649599805,74,29,6
abcd,1649599806,71,22,10
abcd,1649599807,58,21,1
abcd,1649599808,85,27,1
abcd,1649599809,98,11,9
abcd,1649599810,77,21,1
abcd,1649599811,66,15,1
abcd,1649599812,65,25,10
abcd,1649599813,69,22,4
abcd,1649599814,67,28,5
abcd,1649599815,100,12,5
abcd,1649599816,84,32,2
abcd,1649599817,87,36,10
abcd,1649599818,48,20,0
abcd,1649599819,96,16,3
abcd,1649599820,84,27,7
abcd,1649599821,84,17,2
abcd,1649599822,86,25,10
abcd,1649599823,96,27,6
abcd,1649599824,48,10,3
abcd,1649599825,83,12,2
abcd,1649599826,48,15,3
abcd,1649599827,83,21,9
abcd,1649599828,44,34,7
abcd,1649599829,96,39,10
abcd,1649599830,52,19,6
abcd,1649599831,58,10,6
abcd,1649599832,47,27,4
abcd,1649599833,41,30,10
abcd,1649599834,44,13,0
abcd,1649599835,100,13,8
abcd,1649599836,60,38,0
abcd,1649599837,84,36,10
abcd,1649599838,94,38,4
abcd,1649599839,88,17,9
abcd,1649599840,61,15,7
abcd,1649599841,71,37,7
abcd,1649599842,61,15,8
abcd,1649599843,93,25,1
abcd,1649599844,64,36,10
abcd,1649599845,93,21,6
abcd,1649599846,72,17,5
abcd,1649599847,61,24,10
abcd,1649599848,74,31,5
abcd,1649599849,70,24,2
abcd,1649599850,88,28,3
abcd,1649599851,54,28,2
abcd,1649599852,79,24,7
abcd,1649599853,44,12,3
abcd,1649599854,58,17,7
abcd,1649599855,95,19,0
abcd,1649599856,100,38,6
abcd,1649599858,54,24,10
abcd,1649599859,55,18,3
abcd,1649599860,95,27,6
abcd,1649599861,70,23,8
abcd,1649599862,50,17,5
abcd,1649599863,71,27,5
abcd,1649599864,86,23,6
abcd,1649599865,92,14,2
abcd,1649599866,86,17,2
abcd,1649599867,80,22,10
abcd,1649599868,76,17,7
abcd,1649599869,76,22,0
abcd,1649599870,70,26,6
abcd,1649599871,79,22,0
abcd,1649599872,61,31,10
abcd,1649599873,47,27,10
abcd,1649599874,43,10,0
abcd,1649599875,66,23,10
abcd,1649599876,96,31,0
abcd,1649599877,48,16,3
abcd,1649599878,82,30,2
abcd,1649599879,80,28,0
abcd,1649599880,67,30,9
abcd,1649599881,53,24,3
abcd,1649599882,47,29,1
abcd,1649599883,42,18,9
abcd,1649599884,84,33,9
abcd,1649599885,87,22,0
abcd,1649599886,68,38,10
abcd,1649599887,91,30,6
abcd,1649599888,79,36,10
abcd,1649599889,97,25,6
abcd,1649599890,41,20,4
abcd,1649599891,92,25,4
abcd,1649599892,70,39,6
abcd,1649599893,73,37,2
abcd,1649599894,87,12,4
abcd,1649599895,99,37,10
abcd,1649599896,67,28,8
abcd,1649599897,46,33,9
abcd,1649599898,68,36,4
abcd,1649599899,95,33,8
abcd,1649599900,51,24,10
abcd,1649599901,45,33,7
abcd,1649599902,60,34,4
abcd,1649599903,68,19,10
abcd,1649599904,84,29,9
abcd,1649599905,93,30,9
abcd,1649599906,77,26,8
abcd,1649599907,80,17,9
abcd,1649599908,69,32,6
abcd,1649599909,47,13,6
abcd,1649599910,66,32,6
abcd,1649599911,99,25,3
abcd,1649599912,51,22,0
abcd,1649599914,97,18,3
abcd,1649599915,48,15,0
abcd,1649599916,60,22,10
abcd,1649599917,76,33,0
abcd,1649599918,77,24,9
abcd,1649599919,60,34,6
abcd,1649599920,49,13,2
abcd,1649599921,95,19,5
abcd,1649599922,86,20,5
abcd,1649599923,74,22,5
abcd,1649599924,43,14,2
abcd,1649599925,85,34,7
abcd,1649599926,44,22,5
abcd,1649599927,47,10,7
abcd,1649599928,69,13,8
abcd,1649599929,53,15,8
abcd,1649599930,41,12,4
abcd,1649599931,56,36,3
abcd,1649599932,90,30,1
abcd,1649599933,93,24,4
abcd,1649599934,83,38,7
abcd,1649599935,91,31,8
abcd,1649599936,41,22,2
abcd,1649599937,89,31,1
abcd,1649599938,68,40,1
abcd,1649599939,93,24,4
abcd,1649599940,74,39,3
abcd,1649599941,87,22,10
abcd,1649599942,87,39,3
abcd,1649599943,85,27,8
abcd,1649599944,87,30,3
abcd,1649599945,94,12,7
abcd,1649599946,66,35,9
abcd,1649599947,81,40,6
abcd,1649599948,41,19,0
abcd,1649599949,87,19,9
abcd,1649599950,53,40,5
abcd,1649599951,50,36,1
abcd,1649599952,72,12,2
abcd,1649599953,91,19,3
abcd,1649599954,89,18,10
abcd,1649599955,57,30,1
abcd,1649599956,70,28,9
abcd,1649599957,99,22,2
abcd,1649599958,54,30,10
abcd,1649599959,42,18,9
abcd,1649599960,51,33,9
abcd,1649599961,65,35,2
abcd,1649599962,58,12,2
abcd,1649599963,87,22,1
abcd,1649599964,85,31,10
abcd,1649599965,94,25,0
abcd,1649599966,81,35,6
abcd,1649599967,94,34,6
abcd,1649599968,56,26,1
abcd,1649599969,61,16,1
abcd,1649599970,91,17,5
abcd,1649599971,85,10,6
abcd,1649599972,40,16,7
abcd,1649599973,62,38,4
abcd,1649599974,60,12,7
abcd,1649599975,65,21,8
abcd,1649599977,45,10,3
abcd,1649599979,64,11,3
abcd,1649599980,94,14,6
abcd,1649599981,71,37,2
abcd,1649599982,99,29,8
abcd,1649599983,56,12,2
abcd,1649599984,50,30,1
abcd,1649599985,54,22,2
abcd,1649599986,85,33,8
abcd,1649599987,75,33,3
abcd,1649599988,65,17,10
abcd,1649599989,73,33,2
abcd,1649599990,84,29,5
abcd,1649599991,66,35,9
abcd,1649599992,89,24,4
abcd,1649599993,83,29,2
abcd,1649599994,79,36,4
abcd,1649599995,56,35,8
abcd,1649599996,49,12,5
abcd,1649599997,48,23,5
abcd,1649599998,51,10,3
abcd,1649599999,90,35,8
abcd,1649600000,55,23,9
abcd,1649600001,63,38,0
abcd,1649600002,85,23,7
abcd,1649600003,88,24,6
abcd,1649600004,64,29,1
abcd,1649600005,69,40,0
abcd,1649600006,76,32,4
abcd,1649600007,82,21,1
abcd,1649600008,84,29,0
abcd,1649600009,40,31,6
abcd,1649600010,47,24,2
abcd,1649600011,45,14,10
abcd,1649600012,69,14,6
abcd,1649600013,80,39,3
abcd,1649600014,42,33,10
abcd,1649600015,75,34,10
abcd,1649600016,69,11,1
abcd,1649600017,73,20,0
abcd,1649600018,87,33,5
abcd,1649600019,98,38,3
abcd,1649600020,83,37,10
abcd,1649600021,40,34,2
abcd,1649600022,69,33,8
abcd,1649600023,75,37,5
abcd,1649600024,63,34,9
abcd,1649600025,41,15,2
abcd,1649600026,89,10,2
abcd,1649600027,60,18,4
abcd,1649600028,44,38,4
abcd,1649600029,76,26,1
abcd,1649600030,46,10,7
abcd,1649600031,64,29,7
abcd,1649600033,63,18,6
abcd,1649600034,86,27,2
abcd,1649600035,66,19,5
abcd,1649600036,54,18,1
abcd,1649600037,63,32,8
abcd,1649600038,88,26,2
abcd,1649600039,96,39,9
abcd,1649600040,53,25,3
abcd,1649600041,49,33,3
abcd,1649600042,99,12,6
abcd,1649600043,49,14,8
abcd,1649600044,88,32,5
abcd,1649600045,68,36,8
abcd,1649600046,95,39,3
abcd,1649600047,55,28,2
abcd,1649600048,82,40,6
abcd,1649600049,76,28,4
abcd,1649600050,69,34,6
abcd,1649600051,78,19,8
abcd,1649600052,95,38,10
abcd,1649600053,67,11,4
abcd,1649600054,73,36,8
abcd,1649600055,78,25,2
abcd,1649600056,61,15,6
abcd,1649600057,88,15,6
abcd,1649600058,79,28,1
abcd,1649600059,60,31,4
abcd,1649600060,85,10,10
abcd,1649600061,64,23,7
abcd,1649600062,72,33,6
abcd,1649600063,95,33,9
abcd,1649600064,85,18,4
abcd,1649600065,82,36,3
abcd,1649600066,61,37,9
abcd,1649600067,77,25,6
abcd,1649600068,96,16,10
abcd,1649600069,91,10,2
abcd,1649600070,95,14,5
abcd,1649600071,42,30,1
abcd,1649600072,98,32,2
abcd,1649600073,78,13,2
abcd,1649600074,47,12,0
abcd,1649600075,92,12,10
abcd,1649600076,46,35,0
abcd,1649600077,50,25,2
abcd,1649600078,60,17,10
abcd,1649600079,41,20,8
abcd,1649600080,86,19,7
abcd,1649600081,87,36,6
abcd,1649600082,82,36,5
abcd,1649600083,88,27,3
abcd,1649600084,56,32,2
abcd,1649600085,45,26,3
abcd,1649600086,74,19,8
abcd,1649600087,86,27,9
abcd,1649600088,53,33,7
abcd,1649600089,97,15,0
abcd,1649600090,79,12,9
abcd,1649600092,87,22,10
abcd,1649600093,82,34,10
abcd,1649600094,85,37,0
abcd,1649600095,95,27,1
abcd,1649600096,84,22,10
abcd,1649600097,43,16,9
abcd,1649600098,91,30,9
abcd,1649600099,55,33,4
abcd,1649600100,90,37,1
abcd,1649600101,96,34,1
abcd,1649600102,84,35,5
abcd,1649600103,77,11,5
abcd,1649600104,51,10,5
abcd,1649600105,95,30,2
abcd,1649600106,60,21,10
abcd,1649600107,77,33,8
abcd,1649600108,80,31,8
abcd,1649600109,98,24,5
abcd,1649600110,82,27,1
abcd,1649600111,70,33,8
abcd,1649600112,72,13,4
abcd,1649600113,82,24,0
abcd,1649600114,81,21,0
abcd,1649600115,55,19,9
abcd,1649600116,59,16,5
abcd,1649600117,92,31,8
abcd,1649600118,41,10,2
abcd,1649600119,88,22,3
abcd,1649600120,80,11,9
abcd,1649600121,50,23,0
abcd,1649600122,61,24,4
abcd,1649600123,97,17,2
abcd,1649600124,96,21,9
abcd,1649600125,90,15,6
abcd,1649600126,88,27,1
abcd,1649600127,48,34,1
abcd,1649600128,68,19,2
abcd,1649600129,66,30,2
abcd,1649600130,74,29,4
abcd,1649600131,92,27,3
abcd,1649600132,83,21,1
abcd,1649600133,82,40,6
abcd,1649600134,70,24,4
abcd,1649600135,58,11,8
abcd,1649600136,95,40,4
abcd,1649600137,42,28,7
abcd,1649600138,87,38,0
abcd,1649600139,85,36,2
abcd,1649600140,40,39,1
abcd,1649600141,66,20,0
abcd,1649600142,96,23,8
abcd,1649600143,48,12,6
abcd,1649600144,73,13,0
abcd,1649600145,46,13,10
abcd,1649600146,52,16,4
abcd,1649600147,41,25,7
abcd,1649600148,47,31,3
abcd,1649600150,81,27,10
abcd,1649600151,83,38,10
abcd,1649600152,65,39,1
abcd,1649600153,62,36,2
abcd,1649600154,63,30,9
abcd,1649600155,52,28,0
abcd,1649600156,65,40,6
abcd,1649600157,44,36,3
abcd,1649600158,92,36,7
abcd,1649600159,90,17,7
abcd,1649600160,57,30,7
abcd,1649600161,92,14,10
abcd,1649600162,48,29,8
abcd,1649600163,48,14,3
abcd,1649600164,81,18,3
abcd,1649600165,71,32,4
abcd,1649600166,53,29,10
abcd,1649600167,52,22,1
abcd,1649600168,99,21,4
abcd,1649600169,53,16,5
abcd,1649600170,46,25,10
abcd,1649600171,52,27,0
abcd,1649600172,49,22,1
abcd,1649600173,92,15,4
abcd,1649600174,50,12,5
abcd,1649600175,100,11,5
abcd,1649600176,79,10,8
abcd,1649600177,57,35,1
abcd,1649600178,90,38,6
abcd,1649600179,74,15,5
abcd,1649600180,59,29,1
abcd,1649600181,94,37,8
abcd,1649600182,77,32,10
abcd,1649600183,49,27,7
abcd,1649600184,95,33,2
abcd,1649600185,50,20,9
abcd,1649600186,45,22,7
abcd,1649600187,75,27,5
abcd,1649600188,72,34,6
abcd,1649600189,59,40,1
abcd,1649600190,57,15,4
abcd,1649600191,82,13,6
abcd,1649600192,62,38,0
abcd,1649600193,77,32,7
abcd,1649600194,85,26,9
abcd,1649600195,73,22,5
abcd,1649600196,61,34,7
abcd,1649600197,73,10,9
abcd,1649600198,92,16,8
abcd,1649600199,43,33,4
abcd,1649600200,62,26,0
abcd,1649600201,45,13,5
abcd,1649600202,83,13,8
abcd,1649600203,46,29,7
abcd,1649600204,77,37,7
abcd,1649600206,45,33,10
abcd,1649600207,75,16,10
abcd,1649600208,79,16,8
abcd,1649600209,54,11,7
abcd,1649600210,47,30,1
abcd,1649600211,62,17,2
abcd,1649600212,43,16,9
abcd,1649600213,57,16,7
abcd,1649600214,90,31,6
abcd,1649600215,86,14,8
abcd,1649600216,83,33,2
abcd,1649600217,98,35,5
abcd,1649600218,67,15,0
abcd,1649600219,49,16,1
abcd,1649600220,50,21,7
abcd,1649600221,93,22,5
abcd,1649600222,45,15,7
abcd,1649600223,73,13,7
abcd,1649600224,58,25,7
abcd,1649600225,76,34,3
abcd,1649600226,85,12,4
abcd,1649600227,60,23,2
abcd,1649600228,89,38,7
abcd,1649600229,69,28,2
abcd,1649600230,43,28,8
abcd,1649600231,81,29,7
abcd,1649600232,61,30,7
abcd,1649600233,77,27,7
abcd,1649600234,45,38,8
abcd,1649600235,94,34,9
abcd,1649600236,96,34,2
abcd,1649600237,91,36,2
abcd,1649600238,57,17,10
abcd,1649600239,40,39,5
abcd,1649600240,48,31,3
abcd,1649600241,68,40,4
abcd,1649600242,64,39,9
abcd,1649600243,69,26,6
abcd,1649600244,100,30,1
abcd,1649600245,70,18,6
abcd,1649600246,40,40,9
abcd,1649600247,63,28,0
abcd,1649600248,89,21,3
abcd,1649600249,98,21,8
abcd,1649600250,42,20,10
abcd,1649600251,67,15,1
abcd,1649600252,70,35,5
abcd,1649600253,75,11,2
abcd,1649600254,85,35,6
abcd,1649600255,47,37,0
abcd,1649600256,68,23,10
abcd,1649600257,82,27,3
abcd,1649600258,56,30,0
abcd,1649600259,67,18,2
abcd,1649600260,100,21,7
abcd,1649600261,77,38,6
abcd,1649600263,40,25,4
abcd,1649600264,57,11,10
abcd,1649600265,97,28,1
abcd,1649600266,94,40,1
abcd,1649600267,92,32,4
abcd,1649600268,42,18,10
abcd,1649600269,61,16,7
abcd,1649600270,89,33,7
abcd,1649600271,52,31,5
abcd,1649600272,56,36,6
abcd,1649600273,74,10,4
abcd,1649600274,85,31,7
abcd,1649600275,60,17,4
abcd,1649600276,83,18,10
abcd,1649600277,76,29,9
abcd,1649600278,63,20,9
abcd,1649600279,90,38,0
abcd,1649600280,43,11,0
abcd,1649600281,94,14,9
abcd,1649600282,51,31,2
abcd,1649600283,90,14,8
abcd,1649600284,94,21,0
abcd,1649600285,86,23,5
abcd,1649600286,77,12,2
abcd,1649600288,91,19,7
abcd,1649600289,47,23,4
abcd,1649600290,82,23,5
abcd,1649600291,75,40,3
abcd,1649600292,77,23,6
abcd,1649600293,76,35,6
abcd,1649600294,94,36,2
abcd,1649600295,64,13,9
abcd,1649600296,85,10,6
abcd,1649600297,57,24,8
abcd,1649600298,72,22,2
abcd,1649600299,96,32,6
abcd,1649600300,45,27,7
abcd,1649600301,80,16,3
abcd,1649600302,40,25,2
abcd,1649600303,75,11,2
abcd,1649600304,44,15,3
abcd,1649600305,78,33,10
abcd,1649600306,84,25,1
abcd,1649600307,80,39,2
abcd,1649600308,90,14,10
abcd,1649600309,72,22,2
abcd,1649600310,96,14,2
abcd,1649600311,68,19,8
abcd,1649600312,63,22,8
abcd,1649600313,95,23,10
abcd,1649600314,91,29,9
abcd,1649600315,46,17,4
abcd,1649600316,49,13,6
abcd,1649600317,82,34,7
abcd,1649600318,61,27,2
abcd,1649600319,70,16,0
abcd,1649600320,65,28,2
abcd,1649600321,67,40,1
abcd,1649600322,50,23,9
abcd,1649600323,63,20,2
abcd,1649600324,80,14,6
abcd,1649600325,94,15,5
abcd,1649600326,94,14,3
abcd,1649600327,48,17,6
abcd,1649600328,71,26,9
abcd,1649600329,64,29,6
abcd,1649600330,69,19,1
abcd,1649600331,87,11,6
abcd,1649600332,44,11,0
abcd,1649600333,94,30,10
abcd,1649600334,68,12,8
abcd,1649600335,86,18,3
abcd,1649600336,84,31,4
abcd,1649600337,63,16,4
abcd,1649600338,93,18,7
abcd,1649600339,45,18,1
abcd,1649600340,98,21,9
abcd,1649600341,46,26,3
abcd,1649600342,100,21,9
abcd,1649600343,93,17,7
abcd,1649600345,82,39,0
abcd,1649600346,88,26,1
abcd,1649600347,59,19,6
abcd,1649600348,71,22,2
abcd,1649600349,75,25,3
abcd,1649600350,82,22,9
abcd,1649600351,63,21,10
abcd,1649600352,95,18,1
abcd,1649600353,100,15,0
abcd,1649600354,55,20,10
abcd,1649600355,43,31,1
abcd,1649600356,49,13,6
abcd,1649600357,52,21,0
abcd,1649600358,77,25,3
abcd,1649600359,41,24,9
abcd,1649600360,61,33,10
abcd,1649600361,56,16,5
abcd,1649600362,97,23,8
abcd,1649600561,86,18,5
abcd,1649600562,67,29,8
abcd,1649600563,57,29,4
abcd,1649600564,97,29,5
abcd,1649600565,60,24,1
abcd,1649600567,49,26,5
abcd,1649600568,82,33,8
abcd,1649600569,66,38,8
abcd,1649600570,100,25,0
abcd,1649600571,57,29,9
abcd,1649600572,52,17,4
abcd,1649600573,67,24,10
abcd,1649600574,44,23,6
abcd,1649600575,67,30,5
abcd,1649600577,89,23,3
abcd,1649600578,84,16,3
abcd,1649600579,72,24,5
abcd,1649600580,45,14,2
abcd,1649600581,94,18,8
abcd,1649600582,62,29,5
abcd,1649600583,88,29,1
abcd,1649600584,86,27,1
abcd,1649600585,53,23,1
abcd,1649600586,73,14,7
abcd,1649600587,88,40,1
abcd,1649600588,88,28,7
abcd,1649600589,65,35,10
abcd,1649600590,68,21,0
abcd,1649600591,45,19,3
abcd,1649600593,67,27,1
abcd,1649600594,79,31,2
abcd,1649600595,100,28,7
abcd,1649600596,72,16,8
abcd,1649600597,95,11,7
abcd,1649600598,85,26,4
abcd,1649600599,97,29,5
abcd,1649600600,85,24,3
abcd,1649600601,43,33,3
abcd,1649600602,59,12,4
abcd,1649600603,75,36,2
abcd,1649600604,70,28,1
abcd,1649600605,92,19,10
abcd,1649600606,96,34,3
abcd,1649600607,99,31,4
abcd,1649600608,78,21,4
abcd,1649600609,46,32,1
abcd,1649600610,69,21,1
abcd,1649600611,42,38,6
abcd,1649600612,99,21,0
abcd,1649600613,57,28,9
abcd,1649600614,40,34,7
abcd,1649600615,63,13,1
abcd,1649600616,89,26,6
abcd,1649600617,61,20,1
abcd,1649600618,57,35,1
abcd,1649600619,60,10,8
abcd,1649600620,54,33,0
abcd,1649600621,92,28,6
abcd,1649600622,98,35,0
abcd,1649600623,63,26,2
abcd,1649600624,50,12,1
abcd,1649600625,92,26,4
abcd,1649600626,95,14,4
abcd,1649600628,65,17,1
abcd,1649600636,45,36,0
abcd,1649600637,65,10,4
abcd,1649600638,47,38,3
abcd,1649600639,58,23,6
abcd,1649600640,77,32,10
abcd,1649600641,46,17,6
abcd,1649600642,41,30,1
abcd,1649600643,76,20,4
abcd,1649600644,55,29,4
abcd,1649600645,75,24,1
abcd,1649600646,90,33,9
abcd,1649600647,77,23,4
abcd,1649600648,82,20,8
abcd,1649600649,45,32,1
abcd,1649600650,42,39,5
abcd,1649600651,75,32,5
abcd,1649600652,49,11,0
abcd,1649600653,47,40,9
abcd,1649600654,94,23,3
abcd,1649600655,87,37,0
abcd,1649600665,66,13,6
abcd,1649600666,44,26,1
abcd,1649600667,51,16,8
abcd,1649600668,64,27,0
abcd,1649600669,77,16,9
abcd,1649600670,84,35,1
abcd,1649600671,47,36,9
abcd,1649600672,90,17,3
abcd,1649600673,83,15,8
abcd,1649600674,79,10,2
abcd,1649600675,88,15,2
abcd,1649600676,74,28,9
abcd,1649600677,63,39,10
abcd,1649600678,53,15,9
abcd,1649600682,49,34,3
abcd,1649600683,48,40,7
abcd,1649600684,45,26,2
abcd,1649600686,57,31,9
abcd,1649600691,51,19,9
abcd,1649600692,43,17,3
abcd,1649600693,52,30,5
abcd,1649600694,47,19,9
abcd,1649600695,48,20,10
abcd,1649600696,64,22,10
abcd,1649600697,83,35,4
abcd,1649600698,65,12,7
abcd,1649600699,83,24,10
abcd,1649600701,87,32,10
abcd,1649600702,50,27,5
abcd,1649600703,71,36,6
abcd,1649600704,85,24,2
abcd,1649600705,68,11,6
abcd,1649600706,72,36,2
abcd,1649600708,46,21,8
abcd,1649600709,73,24,4
abcd,1649600710,94,26,5
abcd,1649600711,68,22,2
abcd,1649600712,66,39,9
abcd,1649600713,71,31,1
abcd,1649600714,79,21,7
abcd,1649600715,64,23,3
abcd,1649600716,65,27,6
abcd,1649600717,56,40,6
abcd,1649600719,95,19,6
abcd,1649600720,64,21,1
abcd,1649600721,69,35,4
abcd,1649600722,42,19,2
abcd,1649600723,85,14,7
abcd,1649600724,97,28,8
abcd,1649600725,99,36,8
abcd,1649600726,72,30,0
abcd,1649600727,68,24,6
abcd,1649600728,60,40,0
abcd,1649600729,64,25,7
abcd,1649600730,94,22,4
abcd,1649600731,87,15,10
abcd,1649600732,79,39,7
abcd,1649600733,70,12,0
abcd,1649600734,84,29,7
abcd,1649600735,60,33,7
abcd,1649600736,100,26,7
abcd,1649600737,53,22,10
abcd,1649600738,100,15,8
abcd,1649600739,97,22,6
abcd,1649600740,69,10,1
abcd,1649600741,43,31,1
abcd,1649600742,94,28,0
abcd,1649600746,99,26,7
abcd,1649600747,57,21,10
abcd,1649600748,46,40,0
abcd,1649600749,95,22,8
abcd,1649600750,54,26,0
abcd,1649600751,68,10,4
abcd,1649600752,52,11,1
abcd,1649600753,57,21,6
abcd,1649600754,91,24,10
abcd,1649600755,90,23,8
abcd,1649600756,99,26,2
abcd,1649600757,66,40,8
abcd,1649600759,83,30,6
abcd,1649600760,44,27,6
abcd,1649600761,87,35,8
abcd,1649600762,59,26,2
abcd,1649600763,97,31,2
abcd,1649600764,80,35,6
abcd,1649600765,70,26,4
abcd,1649600772,75,38,5
abcd,1649600773,66,38,6
abcd,1649600774,85,21,9
abcd,1649600775,78,25,0
abcd,1649600776,95,10,6
abcd,1649600777,69,20,0
abcd,1649600779,93,28,2
abcd,1649600780,44,31,4
abcd,1649600781,44,28,1
abcd,1649600782,85,22,7
abcd,1649600783,86,34,7
abcd,1649600784,84,27,5
abcd,1649600785,98,18,10
abcd,1649600786,96,35,8
abcd,1649600787,83,39,1
abcd,1649600788,52,16,7
abcd,1649600789,84,32,2
abcd,1649600790,68,11,3
abcd,1649600791,83,28,0
abcd,1649600792,61,20,4
abcd,1649600793,56,39,4
abcd,1649600794,68,22,10
abcd,1649600795,100,32,3
abcd,1649600796,99,34,10
abcd,1649600797,87,38,9
abcd,1649600798,68,20,2
abcd,1649600799,97,11,3
abcd,1649600800,45,28,1
abcd,1649600801,91,25,6
abcd,1649600802,71,17,8
abcd,1649600803,43,33,4
abcd,1649600804,67,24,0
abcd,1649600805,60,35,1
abcd,1649600806,80,36,0
abcd,1649600807,61,18,4
abcd,1649600808,99,23,9
abcd,1649600809,45,36,2
abcd,1649600810,46,27,3
abcd,1649600811,45,37,6
abcd,1649600812,87,32,4
abcd,1649600814,48,12,8
abcd,1649600815,83,35,2
abcd,1649600818,93,35,1
abcd,1649600819,81,22,2
abcd,1649600820,51,21,2
abcd,1649600821,74,21,10
abcd,1649600822,80,38,3
abcd,1649600823,40,33,9
abcd,1649600824,78,37,10
abcd,1649600825,67,18,6
abcd,1649600826,63,38,0
abcd,1649600827,46,16,5
abcd,1649600828,57,19,4
abcd,1649600829,65,14,6
abcd,1649600830,71,37,7
abcd,1649600831,72,37,6
abcd,1649600832,54,39,6
abcd,1649600833,59,20,2
abcd,1649600835,89,20,4
abcd,1649600836,45,24,2
abcd,1649600837,48,17,1
abcd,1649600838,85,28,10
abcd,1649600839,44,20,2
abcd,1649600840,86,10,7
abcd,1649600841,83,14,5
abcd,1649600842,88,13,5
abcd,1649600843,43,31,1
abcd,1649600844,46,17,10
abcd,1649600845,47,12,7
abcd,1649600846,60,33,7
abcd,1649600847,68,38,5
abcd,1649600848,46,36,7
abcd,1649600849,40,37,10
abcd,1649600850,100,15,9
abcd,1649600851,55,15,1
abcd,1649600852,91,12,4
abcd,1649600853,96,34,6
abcd,1649600854,50,30,10
abcd,1649600855,90,17,6
abcd,1649600856,46,22,0
abcd,1649600857,69,11,3
abcd,1649600858,67,28,5
abcd,1649600859,86,31,6
abcd,1649600860,65,22,5
abcd,1649600861,97,39,6
abcd,1649600862,89,12,10
abcd,1649600863,41,38,6
abcd,1649600864,58,24,0
abcd,1649600866,66,29,6
abcd,1649600867,62,35,7
abcd,1649600868,77,15,2
abcd,1649600869,100,12,4
abcd,1649600870,40,21,6
abcd,1649600871,43,22,6
abcd,1649600875,55,26,8
abcd,1649600876,42,27,1
abcd,1649600877,51,37,5
abcd,1649600878,86,36,2
abcd,1649600879,58,12,0
abcd,1649600880,78,27,10
abcd,1649600881,100,24,8
abcd,1649600882,59,26,5
abcd,1649600883,48,25,10
abcd,1649600884,57,18,2
abcd,1649600885,59,40,3
abcd,1649600886,89,19,5
abcd,1649600887,47,17,6
abcd,1649600888,69,20,3
abcd,1649600889,86,17,9
abcd,1649600890,63,35,3
abcd,1649600894,72,38,0
abcd,1649600895,56,22,10
abcd,1649600896,93,26,10
abcd,1649600897,69,21,4
abcd,1649600898,41,40,1
abcd,1649600899,93,28,1
abcd,1649600900,73,33,8
abcd,1649600901,90,40,10
abcd,1649600902,72,16,8
abcd,1649600903,60,37,3
abcd,1649600904,85,22,10
abcd,1649600909,99,39,10
abcd,1649600910,52,17,10
abcd,1649600911,73,19,9
abcd,1649600912,55,20,1
abcd,1649600913,87,23,9
abcd,1649600914,64,21,0
abcd,1649600915,84,18,10
abcd,1649600916,66,27,10
abcd,1649600917,98,34,4
abcd,1649600918,61,30,9
abcd,1649600919,77,25,1
abcd,1649600920,49,37,7
abcd,1649600921,100,38,8
abcd,1649600922,57,27,1
abcd,1649600923,65,29,0
abcd,1649600924,67,30,8
abcd,1649600925,89,33,8
abcd,1649600926,60,29,9
abcd,1649600927,99,25,0
abcd,1649600928,92,12,9
abcd,1649600929,54,17,5
abcd,1649600930,55,36,3
abcd,1649600931,97,22,1
abcd,1649600933,56,22,1
abcd,1649600934,93,14,7
abcd,1649600935,61,27,5
abcd,1649600936,100,15,7
abcd,1649600937,86,10,2
abcd,1649600938,44,33,4
abcd,1649600939,65,26,7
abcd,1649600940,43,32,8
abcd,1649600941,56,31,3
abcd,1649600942,62,12,0
abcd,1649600943,89,27,9
abcd,1649600944,49,23,5
abcd,1649600945,89,33,0
abcd,1649600946,100,18,1
abcd,1649600947,89,29,10
abcd,1649600948,80,21,7
abcd,1649600949,99,13,10
abcd,1649600950,74,13,9
abcd,1649600951,85,29,1
abcd,1649600952,74,31,7
abcd,1649600953,77,19,9
abcd,1649600954,66,26,2
abcd,1649600955,82,37,2
abcd,1649600956,55,16,3
abcd,1649600957,45,19,2
abcd,1649600958,83,13,7
abcd,1649600959,94,23,9
abcd,1649600960,72,40,7
abcd,1649600961,54,39,6
abcd,1649600962,56,17,9
abcd,1649600963,82,36,10
abcd,1649600964,70,10,8
abcd,1649600966,62,25,2
abcd,1649600967,92,39,9
abcd,1649600968,57,39,10
abcd,1649600969,95,23,5
abcd,1649600970,82,15,5
abcd,1649600971,69,18,4
abcd,1649600972,53,30,4
abcd,1649600973,92,33,10
abcd,1649600974,78,32,9
abcd,1649600975,86,25,4
abcd,1649600976,76,18,3
abcd,1649600977,90,34,0
abcd,1649600978,100,35,0
abcd,1649600979,64,38,7
abcd,1649600980,58,21,6
abcd,1649600981,82,13,0
abcd,1649600982,43,18,3
abcd,1649600983,52,32,5
abcd,1649600984,68,29,3
abcd,1649600985,45,39,0
abcd,1649600986,97,35,5
abcd,1649600987,86,15,3
abcd,1649600988,85,15,8
abcd,1649600989,56,22,0
abcd,1649600990,78,29,0
abcd,1649600991,59,15,9
abcd,1649600992,68,21,9
abcd,1649600993,78,26,5
abcd,1649600994,53,32,0
abcd,1649600995,71,38,4
abcd,1649600996,77,17,10
abcd,1649600997,80,19,0
abcd,1649600998,67,35,0
abcd,1649600999,56,22,8
abcd,1649601000,66,32,0
abcd,1649601001,78,36,3
abcd,1649601003,44,23,0
abcd,1649601004,78,34,3
abcd,1649601005,69,36,3
abcd,1649601006,94,39,6
abcd,1649601007,100,20,5
abcd,1649601008,91,28,4
abcd,1649601009,62,14,8
abcd,1649601010,70,24,4
abcd,1649601011,75,14,8
abcd,1649601012,59,16,8
abcd,1649601013,94,16,0
abcd,1649601014,84,33,5
abcd,1649601015,90,31,2
abcd,1649601016,40,32,4
abcd,1649601017,52,35,1
abcd,1649601018,48,32,8
abcd,1649601019,41,36,3
abcd,1649601020,58,39,4
abcd,1649601021,57,35,7
abcd,1649601022,73,28,2
abcd,1649601023,40,39,10
abcd,1649601024,50,36,6
abcd,1649601025,44,20,0
abcd,1649601026,49,35,4
abcd,1649601027,41,25,7
abcd,1649601028,62,32,9
abcd,1649601029,70,27,1
abcd,1649601030,79,38,2
abcd,1649601031,50,40,10
abcd,1649601032,49,16,1
abcd,1649601033,61,37,0
abcd,1649601034,70,29,2
abcd,1649601035,53,25,2
abcd,1649601036,54,35,9
abcd,1649601037,94,17,7
abcd,1649601038,73,26,2
abcd,1649601040,84,16,10
abcd,1649601041,71,22,9
abcd,1649601042,75,21,10
abcd,1649601043,51,17,0
abcd,1649601044,60,18,7
abcd,1649601045,81,34,0
abcd,1649601046,91,26,1
abcd,1649601047,46,19,3
abcd,1649601048,87,33,8
abcd,1649601049,76,32,1
abcd,1649601050,54,20,9
abcd,1649601051,88,23,3
abcd,1649601052,77,17,7
abcd,1649601053,52,23,4
abcd,1649601054,45,14,0
abcd,1649601055,46,34,3
abcd,1649601056,94,28,1
abcd,1649601057,95,32,3
abcd,1649601058,47,38,4
abcd,1649601059,63,23,3
abcd,1649601060,57,22,1
abcd,1649601061,95,27,6
abcd,1649601062,87,18,0
abcd,1649601063,85,39,2
abcd,1649601064,52,10,4
abcd,1649601065,42,12,1
abcd,1649601066,60,12,8
abcd,1649601067,79,10,8
abcd,1649601068,61,35,3
abcd,1649601069,85,10,6
abcd,1649601070,67,33,1
abcd,1649601071,60,32,9
abcd,1649601073,53,20,0
abcd,1649601074,52,36,3
abcd,1649601075,57,33,10
abcd,1649601076,51,33,6
abcd,1649601077,50,20,8
abcd,1649601078,79,39,1
abcd,1649601079,81,25,2
abcd,1649601080,54,10,7
abcd,1649601081,100,18,10
abcd,1649601082,85,25,4
abcd,1649601083,72,10,10
abcd,1649601084,62,15,5
abcd,1649601085,83,15,5
abcd,1649601086,89,33,5
abcd,1649601087,67,11,3
abcd,1649601088,62,21,7
abcd,1649601089,92,34,5
abcd,1649601090,50,36,9
abcd,1649601091,51,32,5
abcd,1649601092,88,19,2
abcd,1649601093,90,32,0
abcd,1649601094,45,12,6
abcd,1649601095,70,22,7
abcd,1649601096,41,34,0
abcd,1649601097,76,12,8
abcd,1649601098,56,10,1
abcd,1649601099,87,37,7
abcd,1649601100,96,36,9
abcd,1649601101,61,11,2
abcd,1649601102,94,19,1
abcd,1649601103,99,32,4
abcd,1649601104,66,35,4
abcd,1649601105,68,20,6
abcd,1649601106,86,15,8
abcd,1649601107,94,35,6
abcd,1649601108,67,18,5
abcd,1649601109,58,16,3
abcd,1649601110,50,13,7
abcd,1649601111,66,19,3
abcd,1649601113,71,16,2
abcd,1649601114,52,21,4
abcd,1649601115,58,11,0
abcd,1649601116,88,12,1
abcd,1649601117,98,38,0
abcd,1649601118,99,29,10
abcd,1649601119,94,21,9
abcd,1649601120,69,34,6
abcd,1649601121,58,35,2
abcd,1649601122,95,24,8
abcd,1649601123,82,37,3
abcd,1649601124,44,19,6
abcd,1649601125,84,11,3
abcd,1649601126,61,32,7
abcd,1649601127,70,21,0
abcd,1649601128,48,30,2
abcd,1649601129,90,39,7
abcd,1649601130,85,21,4
abcd,1649601131,57,30,9
abcd,1649601132,69,40,3
abcd,1649601133,93,14,0
abcd,1649601134,91,27,6
abcd,1649601135,50,11,8
abcd,1649601136,91,38,8
abcd,1649601137,80,28,8
abcd,1649601138,64,10,7
abcd,1649601139,49,18,9
abcd,1649601140,66,30,1
abcd,1649601141,62,35,9
abcd,1649601142,53,20,10
abcd,1649601143,79,20,6
abcd,1649601144,92,39,1
abcd,1649601145,45,37,8
abcd,1649601146,57,27,8
abcd,1649601147,52,25,2
abcd,1649601148,96,16,3
abcd,1649601149,83,21,4
abcd,1649601150,89,36,9
abcd,1649601152,44,35,6
abcd,1649601153,91,17,5
abcd,1649601154,79,14,8
abcd,1649601155,75,39,2
abcd,1649601156,44,28,7
abcd,1649601157,76,32,2
abcd,1649601158,55,12,1
abcd,1649601159,97,20,2
abcd,1649601160,100,39,8
abcd,1649601161,44,10,4
abcd,1649601162,76,19,0
abcd,1649601163,48,36,9
abcd,1649601164,42,30,9
abcd,1649601165,67,38,3
abcd,1649601166,43,38,10
abcd,1649601167,64,28,5
abcd,1649601168,69,39,3
abcd,1649601169,71,35,0
abcd,1649601170,45,24,4
abcd,1649601171,87,12,6
abcd,1649601172,64,26,9
abcd,1649601173,59,16,4
abcd,1649601174,50,27,3
abcd,1649601175,50,10,10
abcd,1649601176,47,26,0
abcd,1649601177,73,28,6
abcd,1649601178,83,29,7
abcd,1649601179,95,32,10
abcd,1649601180,59,13,8
abcd,1649601181,85,16,0
abcd,1649601182,62,27,8
abcd,1649601183,80,23,6
abcd,1649601184,97,14,3
abcd,1649601185,53,38,1
abcd,1649601187,78,35,0
abcd,1649601188,66,34,3
abcd,1649601189,81,20,0
abcd,1649601190,98,18,2
abcd,1649601191,57,30,9
abcd,1649601192,95,35,7
abcd,1649601193,80,26,1
abcd,1649601194,89,11,7
abcd,1649601195,60,23,8
abcd,1649601196,72,19,2
abcd,1649601197,86,31,8
abcd,1649601198,73,10,3
abcd,1649601199,87,14,10
abcd,1649601200,59,27,8
abcd,1649601201,85,25,3
abcd,1649601202,55,18,2
abcd,1649601203,63,21,5
abcd,1649601204,94,17,7
abcd,1649601205,46,31,2
abcd,1649601206,54,13,0
abcd,1649601207,99,14,8
abcd,1649601208,64,16,7
abcd,1649601209,51,22,5
abcd,1649601210,59,18,1
abcd,1649601211,48,25,6
abcd,1649601212,56,24,2
abcd,1649601213,90,35,9
abcd,1649601214,62,39,8
abcd,1649601215,52,15,7
abcd,1649601216,77,13,5
abcd,1649601217,73,11,7
abcd,1649601218,88,29,4
abcd,1649601219,95,29,5
abcd,1649601221,46,35,10
abcd,1649601222,79,40,1
abcd,1649601223,97,20,4
abcd,1649601224,60,22,4
abcd,1649601225,70,40,2
abcd,1649601226,60,14,10
abcd,1649601227,54,15,7
abcd,1649601228,71,13,4
abcd,1649601229,68,33,5
abcd,1649601230,77,10,6
abcd,1649601231,49,34,3
abcd,1649601232,51,24,9
abcd,1649601233,73,15,5
abcd,1649601234,88,29,7
abcd,1649601235,42,15,0
abcd,1649601236,49,25,7
abcd,1649601237,95,22,1
abcd,1649601238,95,29,0
abcd,1649601239,51,36,1
abcd,1649601240,95,30,8
abcd,1649601241,44,14,2
abcd,1649601242,73,25,10
abcd,1649601243,93,36,1
abcd,1649601244,40,35,6
abcd,1649601245,50,40,2
abcd,1649601246,93,25,4
abcd,1649601247,60,37,0
abcd,1649601248,100,20,10
abcd,1649601249,45,37,8
abcd,1649601250,49,21,4
abcd,1649601251,88,14,8
abcd,1649601252,63,32,3
abcd,1649601253,46,26,8
abcd,1649601255,100,19,0
abcd,1649601256,73,20,2
abcd,1649601257,94,20,0
abcd,1649601258,93,26,7
abcd,1649601259,67,10,10
abcd,1649601260,83,29,0
abcd,1649601261,58,25,9
abcd,1649601262,80,37,7
abcd,1649601263,58,32,8
abcd,1649601264,99,40,8
abcd,1649601265,70,40,3
abcd,1649601266,57,29,1
abcd,1649601267,49,14,9
abcd,1649601268,79,35,6
abcd,1649601269,66,40,3
abcd,1649601270,46,24,0
abcd,1649601271,72,15,5
abcd,1649601272,49,22,0
abcd,1649601273,74,25,6
abcd,1649601274,96,16,3
abcd,1649601275,84,13,9
abcd,1649601276,64,33,7
abcd,1649601277,81,23,7
abcd,1649601278,72,20,8
abcd,1649601279,91,30,7
abcd,1649601280,79,15,10
abcd,1649601281,90,17,9
abcd,1649601282,62,14,1
abcd,1649601283,62,35,8
abcd,1649601284,66,29,10
abcd,1649601285,53,23,1
abcd,1649601286,74,21,2
abcd,1649601287,61,17,1
abcd,1649601288,90,20,0
abcd,1649601290,64,24,2
abcd,1649601291,97,35,3
abcd,1649601292,85,22,5
abcd,1649601293,56,14,5
abcd,1649601294,81,17,5
abcd,1649601295,94,21,8
abcd,1649601296,54,19,10
abcd,1649601297,59,40,2
abcd,1649601298,49,29,6
abcd,1649601299,47,36,1
abcd,1649601300,97,24,2
abcd,1649601301,53,35,9
abcd,1649601302,98,21,4
abcd,1649601303,56,12,6
abcd,1649601304,98,16,0
abcd,1649601305,88,38,8
abcd,1649601306,47,32,5
abcd,1649601307,61,36,1
abcd,1649601308,66,21,6
abcd,1649601309,73,14,1
abcd,1649601310,53,16,1
abcd,1649601311,40,17,10
abcd,1649601312,41,38,4
abcd,1649601313,66,32,10
abcd,1649601314,95,33,4
abcd,1649601315,49,13,3
abcd,1649601316,61,36,6
abcd,1649601317,79,24,0
abcd,1649601318,41,31,8
abcd,1649601319,65,30,1
abcd,1649601320,47,15,9
abcd,1649601321,51,35,8
abcd,1649601322,84,23,6
abcd,1649601324,81,19,6
abcd,1649601325,87,38,4
abcd,1649601326,62,40,8
abcd,1649601327,61,11,0
abcd,1649601328,69,34,6
abcd,1649601329,59,10,4
abcd,1649601330,80,16,3
abcd,1649601331,59,33,1
abcd,1649601332,70,28,0
abcd,1649601333,40,28,10
abcd,1649601334,88,40,7
abcd,1649601335,76,16,5
abcd,1649601336,100,21,8
abcd,1649601337,99,15,8
abcd,1649601338,77,12,4
abcd,1649601339,96,39,7
abcd,1649601340,92,32,8
abcd,1649601341,73,23,3
abcd,1649601342,62,20,0
abcd,1649601343,71,35,9
abcd,1649601344,94,16,2
abcd,1649601345,68,26,3
abcd,1649601346,55,32,6
abcd,1649601347,65,32,4
abcd,1649601348,85,13,3
abcd,1649601349,60,11,0
abcd,1649601350,90,13,5
abcd,1649601351,57,32,10
abcd,1649601353,86,37,10
abcd,1649601354,48,13,9
abcd,1649601355,66,30,7
abcd,1649601356,55,27,9
abcd,1649601357,84,10,7
abcd,1649601358,67,36,10
abcd,1649601359,53,19,0
abcd,1649601360,58,25,10
abcd,1649601361,49,33,5
abcd,1649601362,90,40,0
abcd,1649601363,56,39,8
abcd,1649601364,74,30,9
abcd,1649601365,43,23,7
abcd,1649601366,96,13,0
abcd,1649601367,81,28,4
abcd,1649601368,40,32,4
abcd,1649601369,65,34,9
abcd,1649601370,49,25,10
abcd,1649601371,76,15,4
abcd,1649601372,71,18,8
abcd,1649601373,61,26,3
abcd,1649601374,44,23,7
abcd,1649601375,71,14,6
abcd,1649601376,50,24,1
abcd,1649601377,68,30,8
abcd,1649601378,78,10,5
abcd,1649601379,100,17,4
abcd,1649601380,55,21,1
abcd,1649601381,72,24,7
abcd,1649601382,46,12,8
abcd,1649601383,63,36,6
abcd,1649601384,94,31,2
abcd,1649601385,83,31,5
abcd,1649601386,67,37,6
abcd,1649601387,66,31,2
abcd,1649601388,54,11,7
abcd,1649601389,53,12,4
abcd,1649601391,82,21,4
abcd,1649601392,58,30,0
abcd,1649601393,72,35,7
abcd,1649601394,51,15,8
abcd,1649601395,99,40,2
abcd,1649601396,69,32,3
abcd,1649601397,40,29,6
abcd,1649601398,85,18,0
abcd,1649601399,71,36,7
abcd,1649601400,45,18,0
abcd,1649601401,70,26,1
abcd,1649601402,93,25,5
abcd,1649601403,64,10,5
abcd,1649601404,75,26,6
abcd,1649601405,93,11,5
abcd,1649601406,43,24,6
abcd,1649601407,57,29,10
abcd,1649601408,93,13,8
abcd,1649601409,94,35,7
abcd,1649601410,42,15,3
abcd,1649601411,91,15,9
abcd,1649601412,83,27,6
abcd,1649601413,97,35,10
abcd,1649601414,50,27,9
abcd,1649601415,92,28,5
abcd,1649601416,68,30,6
abcd,1649601417,91,30,7
abcd,1649601418,83,29,2
abcd,1649601419,45,15,10
abcd,1649601420,96,17,7
abcd,1649601421,62,25,3
abcd,1649601422,58,21,0
abcd,1649601423,68,37,10
abcd,1649601424,86,26,7
abcd,1649601425,86,31,4
abcd,1649601426,79,36,6
abcd,1649601427,75,20,8
abcd,1649601428,66,15,2
abcd,1649601430,89,39,1
abcd,1649601431,51,19,4
abcd,1649601432,55,40,7
abcd,1649601433,74,18,10
abcd,1649601434,66,12,0
abcd,1649601435,63,18,2
abcd,1649601436,43,22,7
abcd,1649601437,77,19,10
abcd,1649601438,55,38,8
abcd,1649601439,70,35,8
abcd,1649601440,42,16,6
abcd,1649601441,73,36,8
abcd,1649601442,57,17,9
abcd,1649601443,91,16,5
abcd,1649601444,46,25,6
abcd,1649601445,84,19,6
abcd,1649601446,95,13,10
abcd,1649601447,49,16,6
abcd,1649601448,67,22,1
abcd,1649601449,48,26,8
abcd,1649601450,48,14,4
abcd,1649601451,47,18,7
abcd,1649601452,48,34,5
abcd,1649601453,65,12,0
abcd,1649601454,58,39,8
abcd,1649601455,52,26,10
abcd,1649601456,52,31,8
abcd,1649601457,48,13,2
abcd,1649601458,70,14,10
abcd,1649601459,98,33,1
abcd,1649601460,82,16,2
abcd,1649601461,89,21,5
abcd,1649601462,46,11,6
abcd,1649601464,99,15,10
abcd,1649601465,68,26,3
abcd,1649601466,72,35,5
abcd,1649601467,70,22,6
abcd,1649601468,55,40,10
abcd,1649601469,66,40,6
abcd,1649601470,80,36,0
abcd,1649601471,53,10,1
abcd,1649601472,66,24,8
abcd,1649601473,63,26,5
abcd,1649601474,65,11,3
abcd,1649601475,55,14,1
abcd,1649601476,81,40,9
abcd,1649601477,69,29,9
abcd,1649601478,82,26,3
abcd,1649601479,95,13,5
abcd,1649601480,96,13,3
abcd,1649601481,87,37,8
abcd,1649601482,75,25,4
abcd,1649601483,99,35,7
abcd,1649601484,97,20,0
abcd,1649601485,94,21,1
abcd,1649601486,98,35,10
abcd,1649601487,72,35,7
abcd,1649601488,93,21,7
abcd,1649601489,62,21,4
abcd,1649601490,87,17,9
abcd,1649601491,45,15,6
abcd,1649601492,54,38,4
abcd,1649601493,92,20,0
abcd,1649601494,55,14,10
abcd,1649601496,73,27,7
abcd,1649601497,100,13,2
abcd,1649601498,82,25,7
abcd,1649601499,54,34,0
abcd,1649601500,61,31,6
abcd,1649601501,77,27,8
abcd,1649601502,70,12,2
abcd,1649601503,94,30,1
abcd,1649601504,54,17,6
abcd,1649601505,78,22,4
abcd,1649601506,41,27,1
abcd,1649601507,81,38,3
abcd,1649601508,97,34,0
abcd,1649601509,66,21,4
abcd,1649601510,50,21,10
abcd,1649601511,70,16,0
abcd,1649601512,91,17,7
abcd,1649601513,53,35,8
abcd,1649601514,65,33,6
abcd,1649601515,94,35,3
abcd,1649601516,73,19,8
abcd,1649601517,48,33,4
abcd,1649601518,75,34,1
abcd,1649601519,82,35,2
abcd,1649601520,81,25,1
abcd,1649601521,63,37,10
abcd,1649601522,53,32,4
abcd,1649601523,61,27,9
abcd,1649601524,90,11,9
abcd,1649601525,62,28,6
abcd,1649601526,61,36,6
abcd,1649601527,92,18,10
abcd,1649601528,55,19,4
abcd,1649601529,54,35,4
abcd,1649601530,45,12,8
abcd,1649601531,94,21,6
abcd,1649601532,97,17,7
abcd,1649601534,66,20,9
abcd,1649601535,49,18,4
abcd,1649601536,100,37,3
abcd,1649601537,99,10,9
abcd,1649601538,81,21,9
abcd,1649601539,95,19,10
abcd,1649601540,65,10,2
abcd,1649601541,87,18,7
abcd,1649601542,57,29,4
abcd,1649601543,73,13,6
abcd,1649601544,79,31,7
abcd,1649601545,82,21,1
abcd,1649601546,43,39,9
abcd,1649601547,46,38,9
abcd,1649601548,77,15,0
abcd,1649601549,98,40,4
abcd,1649601550,87,10,1
abcd,1649601551,84,39,9
abcd,1649601552,72,12,4
abcd,1649601553,77,11,10
abcd,1649601554,83,18,10
abcd,1649601555,91,26,2
abcd,1649601556,75,28,1
abcd,1649601557,66,37,2
abcd,1649601558,63,20,8
abcd,1649601559,50,12,2
abcd,1649601560,50,19,10
abcd,1649601561,66,27,10
abcd,1649601562,83,34,1
abcd,1649601563,62,17,10
abcd,1649601564,48,26,10
abcd,1649601565,80,10,9
abcd,1649601567,99,35,10
abcd,1649601568,48,19,9
abcd,1649601569,61,18,2
abcd,1649601570,81,27,10
abcd,1649601571,47,23,4
abcd,1649601572,87,14,0
abcd,1649601573,88,19,10
abcd,1649601574,68,36,2
abcd,1649601575,98,35,7
abcd,1649601576,96,15,2
abcd,1649601577,71,32,7
abcd,1649601578,57,33,10
abcd,1649601579,50,30,2
abcd,1649601580,45,21,10
abcd,1649601581,94,24,8
abcd,1649601582,65,16,2
abcd,1649601583,47,11,1
abcd,1649601584,83,34,4
abcd,1649601585,82,21,6
abcd,1649601586,67,12,10
abcd,1649601587,81,38,2
abcd,1649601588,91,34,5
abcd,1649601589,86,20,8
abcd,1649601590,68,39,9
abcd,1649601591,69,31,7
abcd,1649601592,40,32,6
abcd,1649601593,66,37,3
abcd,1649601594,83,35,0
abcd,1649601595,83,10,8
abcd,1649601597,65,37,7
abcd,1649601598,92,18,4
abcd,1649601599,46,19,2
abcd,1649601600,76,18,3
abcd,1649601601,86,15,6
abcd,1649601602,40,40,9
abcd,1649601603,72,18,9
abcd,1649601604,51,18,4
abcd,1649601605,97,39,7
abcd,1649601606,97,26,4
abcd,1649601607,81,14,1
abcd,1649601608,40,20,1
abcd,1649601609,46,33,3
abcd,1649601610,63,10,7
abcd,1649601611,41,11,4
abcd,1649601612,85,32,3
abcd,1649601613,52,30,2
abcd,1649601614,53,39,10
abcd,1649601615,90,13,8
abcd,1649601616,48,11,10
abcd,1649601617,47,22,1
abcd,1649601618,51,19,5
abcd,1649601619,76,38,3
abcd,1649601620,84,29,8
abcd,1649601621,56,10,9
abcd,1649601622,48,34,0
abcd,1649601623,98,23,7
abcd,1649601624,45,24,8
abcd,1649601625,83,20,1
abcd,1649601626,96,35,9
abcd,1649601627,89,22,1
abcd,1649601628,77,26,0
abcd,1649601629,83,18,5
abcd,1649601630,94,22,1
abcd,1649601631,64,21,4
abcd,1649601632,69,19,5
abcd,1649601633,46,29,6
abcd,1649601634,67,27,2
abcd,1649601635,64,38,4
abcd,1649601636,55,10,7
abcd,1649601637,48,29,1
abcd,1649601638,76,40,1
abcd,1649601639,84,37,2
abcd,1649601641,62,20,10
abcd,1649601642,81,22,7
abcd,1649601643,88,28,9
abcd,1649601644,65,24,6
abcd,1649601645,58,39,4
abcd,1649601646,85,29,8
abcd,1649601647,64,14,9
abcd,1649601648,100,15,0
abcd,1649601649,79,38,2
abcd,1649601650,70,15,10
abcd,1649601651,64,10,8
abcd,1649601652,99,11,4
abcd,1649601653,66,19,2
abcd,1649601654,67,28,5
abcd,1649601655,64,18,0
abcd,1649601656,84,20,3
abcd,1649601657,94,34,5
abcd,1649601658,47,19,1
abcd,1649601659,76,13,4
abcd,1649601660,44,24,6
abcd,1649601661,56,30,6
abcd,1649601662,42,12,4
abcd,1649601663,62,21,7
abcd,1649601664,44,13,10
abcd,1649601665,89,26,0
abcd,1649601666,43,10,3
abcd,1649601667,89,29,3
abcd,1649601668,80,14,6
abcd,1649601669,40,27,8
abcd,1649601670,72,26,4
abcd,1649601671,97,16,10
abcd,1649601672,86,34,1
abcd,1649601673,63,35,8
abcd,1649601674,65,18,5
abcd,1649601676,74,25,7
abcd,1649601677,100,37,4
abcd,1649601678,100,18,5
abcd,1649601679,92,28,9
abcd,1649601680,45,28,6
abcd,1649601681,82,11,2
abcd,1649601682,90,17,3
abcd,1649601683,73,40,6
abcd,1649601684,56,23,5
abcd,1649601685,86,15,7
abcd,1649601686,60,18,5
abcd,1649601687,97,37,2
abcd,1649601688,41,31,2
abcd,1649601689,60,12,0
abcd,1649601690,89,34,3
abcd,1649601691,61,29,8
abcd,1649601692,62,17,9
abcd,1649601693,71,16,2
abcd,1649601694,42,17,3
abcd,1649601695,100,10,6
abcd,1649601696,97,10,2
abcd,1649601697,58,20,7
abcd,1649601698,78,34,10
abcd,1649601699,85,21,4
abcd,1649601700,100,20,10
abcd,1649601702,42,33,7
abcd,1649601703,67,30,7
abcd,1649601704,90,27,1
abcd,1649601705,64,20,2
abcd,1649601706,77,17,10
abcd,1649601707,79,32,4
abcd,1649601708,79,33,3
abcd,1649601709,86,27,0
abcd,1649601710,46,17,10
abcd,1649601711,41,10,8
abcd,1649601712,70,36,7
abcd,1649601713,63,36,4
abcd,1649601714,52,28,7
abcd,1649601715,52,13,1
abcd,1649601716,75,10,4
abcd,1649601717,70,34,10
abcd,1649601718,88,16,4
abcd,1649601719,98,19,1
abcd,1649601720,51,39,6
abcd,1649601721,83,15,3
abcd,1649601722,87,34,6
abcd,1649601723,47,19,4
abcd,1649601724,65,17,4
abcd,1649601725,75,11,2
abcd,1649601726,54,19,5
abcd,1649601727,73,11,0
abcd,1649601728,66,37,9
abcd,1649601729,75,16,10
abcd,1649601730,52,33,2
abcd,1649601731,80,29,9
abcd,1649601732,41,35,6
abcd,1649601733,54,34,8
abcd,1649601734,68,40,4
abcd,1649601735,62,34,0
abcd,1649601736,42,17,0
abcd,1649601737,55,28,5
abcd,1649601738,92,32,3
abcd,1649601739,64,35,7
abcd,1649601741,94,27,6
abcd,1649601742,59,35,0
abcd,1649601743,42,12,6
abcd,1649601744,97,28,2
abcd,1649601745,83,37,3
abcd,1649601746,97,30,0
abcd,1649601747,88,33,5
abcd,1649601748,52,10,0
abcd,1649601749,98,11,2
abcd,1649601750,61,30,1
abcd,1649601751,82,36,6
abcd,1649601752,41,25,4
abcd,1649601753,99,24,6
abcd,1649601754,58,39,2
abcd,1649601755,57,39,1
abcd,1649601756,44,23,5
abcd,1649601757,100,13,3
abcd,1649601758,61,31,5
abcd,1649601759,59,19,9
abcd,1649601760,89,40,7
abcd,1649601761,67,12,0
abcd,1649601762,58,33,9
abcd,1649601763,97,26,3
abcd,1649601764,46,39,2
abcd,1649601765,76,26,4
abcd,1649601766,80,28,1
abcd,1649601767,88,12,4
abcd,1649601768,78,40,9
abcd,1649601769,72,11,8
abcd,1649601770,95,19,1
abcd,1649601771,49,34,1
abcd,1649601772,84,25,8
abcd,1649601773,62,25,10
abcd,1649601776,72,33,5
abcd,1649601777,54,11,3
abcd,1649601778,77,16,8
abcd,1649601779,70,34,3
abcd,1649601780,95,31,4
abcd,1649601781,44,28,6
abcd,1649601782,95,19,8
abcd,1649601783,63,31,0
abcd,1649601784,50,12,8
abcd,1649601785,46,40,5
abcd,1649601786,74,16,0
abcd,1649601787,94,13,4
abcd,1649601788,42,38,7
abcd,1649601789,73,15,5
abcd,1649601790,41,29,0
abcd,1649601791,79,20,7
abcd,1649601792,51,40,7
abcd,1649601793,65,20,6
abcd,1649601794,85,20,4
abcd,1649601795,53,29,9
abcd,1649601796,59,26,10
abcd,1649601797,82,38,1
abcd,1649601798,80,14,2
abcd,1649601799,51,31,2
abcd,1649601800,98,35,2
abcd,1649601801,46,15,10
abcd,1649601802,84,36,7
abcd,1649601803,51,26,9
abcd,1649601804,58,31,2
abcd,1649601805,59,35,6
abcd,1649601806,83,12,7
abcd,1649601807,71,11,9
abcd,1649601808,48,25,10
abcd,1649601809,91,22,3
abcd,1649601810,65,30,0
abcd,1649601811,53,11,0
abcd,1649601812,69,12,0
abcd,1649601813,75,17,9
abcd,1649601814,83,21,1
abcd,1649601815,67,28,1
abcd,1649601817,67,37,3
abcd,1649601818,93,11,8
abcd,1649601819,41,22,4
abcd,1649601820,49,10,4
abcd,1649601821,79,28,1
abcd,1649601822,78,30,0
abcd,1649601823,95,18,1
abcd,1649601824,55,26,6
abcd,1649601825,43,21,4
abcd,1649601826,64,39,1
abcd,1649601827,87,22,6
abcd,1649601828,81,17,10
abcd,1649601829,96,28,8
abcd,1649601830,72,25,4
abcd,1649601831,43,37,1
abcd,1649601832,90,39,7
abcd,1649601833,90,38,5
abcd,1649601834,92,22,8
abcd,1649601835,79,27,4
abcd,1649601836,65,40,8
abcd,1649601837,72,15,9
abcd,1649601838,63,12,9
abcd,1649601839,51,35,3
abcd,1649601840,77,12,7
abcd,1649601841,47,39,9
abcd,1649601842,96,39,10
abcd,1649601843,57,36,4
abcd,1649601844,98,15,2
abcd,1649601845,52,11,7
abcd,1649601846,64,24,0
abcd,1649601847,65,14,6
abcd,1649601848,92,14,3
abcd,1649601849,95,10,2
abcd,1649601851,54,29,9
abcd,1649601852,61,24,1
abcd,1649601853,49,28,10
abcd,1649601854,52,33,0
abcd,1649601855,64,38,7
abcd,1649601856,80,25,2
abcd,1649601857,72,31,0
abcd,1649601858,56,33,10
abcd,1649601859,94,34,0
abcd,1649601860,98,26,10
abcd,1649601861,53,11,1
abcd,1649601862,57,19,0
abcd,1649601863,77,23,7
abcd,1649601864,72,33,2
abcd,1649601865,73,11,7
abcd,1649601866,100,38,0
abcd,1649601867,87,40,0
abcd,1649601868,74,17,3
abcd,1649601869,83,31,4
abcd,1649601870,85,39,7
abcd,1649601871,96,19,3
abcd,1649601872,58,12,7
abcd,1649601873,95,26,9
abcd,1649601874,78,40,10
abcd,1649601875,92,26,7
abcd,1649601876,63,23,1
abcd,1649601877,54,12,8
abcd,1649601878,88,26,1
abcd,1649601879,82,31,7
abcd,1649601880,92,20,9
abcd,1649601881,80,16,2
abcd,1649601882,50,34,1
abcd,1649601883,79,17,5
abcd,1649601884,63,35,2
abcd,1649601885,67,28,8
abcd,1649601886,73,32,8
abcd,1649601888,74,19,10
abcd,1649601889,51,19,0
abcd,1649601890,99,16,0
abcd,1649601891,51,29,5
abcd,1649601892,64,29,10
abcd,1649601893,78,21,10
abcd,1649601894,68,25,6
abcd,1649601895,90,35,9
abcd,1649601896,64,11,8
abcd,1649601897,71,23,8
abcd,1649601898,79,21,10
abcd,1649601899,79,21,0
abcd,1649601900,59,24,4
abcd,1649601902,58,27,3
abcd,1649601903,85,20,3
abcd,1649601904,56,21,2
abcd,1649601905,96,15,9
abcd,1649601906,71,39,6
abcd,1649601907,71,39,9
abcd,1649601908,48,35,0
abcd,1649601909,83,17,10
abcd,1649601910,51,31,4
abcd,1649601911,72,31,4
abcd,1649601912,77,38,4
abcd,1649601913,65,20,0
abcd,1649601914,52,39,2
abcd,1649601915,72,28,2
abcd,1649601916,74,38,4
abcd,1649601917,78,23,4
abcd,1649601918,61,28,0
abcd,1649601919,99,26,8
abcd,1649601920,44,24,6
abcd,1649601921,85,35,2
abcd,1649601922,93,11,0
abcd,1649601923,66,31,7
abcd,1649601924,75,33,8
abcd,1649601926,94,38,1
abcd,1649601927,48,32,8
abcd,1649601928,87,21,3
abcd,1649601929,52,29,8
abcd,1649601930,93,30,9
abcd,1649601931,41,15,0
abcd,1649601932,50,14,3
abcd,1649601933,90,10,5
abcd,1649601934,65,10,7
abcd,1649601935,85,23,7
abcd,1649601936,78,31,8
abcd,1649601937,49,35,8
abcd,1649601938,41,33,7
abcd,1649601939,86,18,0
abcd,1649601940,74,33,2
abcd,1649601941,62,24,7
abcd,1649601942,61,26,2
abcd,1649601943,78,13,9
abcd,1649601944,47,34,3
abcd,1649601945,50,25,1
abcd,1649601946,70,32,10
abcd,1649601947,62,21,3
abcd,1649601948,77,28,6
abcd,1649601949,64,21,5
abcd,1649601950,53,34,10
abcd,1649601951,67,35,5
abcd,1649601952,92,30,3
abcd,1649601953,75,31,4
abcd,1649601954,100,14,9
abcd,1649601955,96,23,0
abcd,1649601956,44,30,10
abcd,1649601957,64,11,8
abcd,1649601958,75,37,8
abcd,1649601959,96,14,5
abcd,1649601960,96,15,5
abcd,1649601961,79,20,10
abcd,1649601962,81,26,9
abcd,1649601963,89,33,7
abcd,1649601964,92,28,2
abcd,1649601965,87,22,6
abcd,1649601966,60,23,0
abcd,1649601967,45,21,1
abcd,1649601969,44,10,3
abcd,1649601970,40,12,10
abcd,1649601971,93,35,9
abcd,1649601972,93,15,6
abcd,1649601973,87,12,0
abcd,1649601974,75,23,8
abcd,1649601975,64,15,0
abcd,1649601976,93,18,10
abcd,1649601977,52,14,5
abcd,1649601978,97,19,2
abcd,1649601979,89,35,0
abcd,1649601980,52,38,4
abcd,1649601981,99,32,10
abcd,1649601982,66,36,4
abcd,1649601983,58,10,3
abcd,1649601984,77,10,6
abcd,1649601985,77,36,8
abcd,1649601986,92,31,1
abcd,1649601988,100,34,7
abcd,1649601989,92,34,4
abcd,1649601990,79,34,6
abcd,1649601991,59,28,2
abcd,1649601992,97,10,5
abcd,1649601993,94,35,9
abcd,1649601994,100,28,0
abcd,1649601995,97,35,5
abcd,1649601996,88,35,10
abcd,1649601997,82,23,5
abcd,1649601998,86,20,5
abcd,1649601999,70,10,0
abcd,1649602000,51,26,3
abcd,1649602001,48,37,9
abcd,1649602002,47,36,10
abcd,1649602003,74,19,5
abcd,1649602004,82,34,5
abcd,1649602005,65,34,1
abcd,1649602006,76,19,4
abcd,1649602007,40,14,1
abcd,1649602008,47,29,5
abcd,1649602009,68,40,6
abcd,1649602010,75,34,3
abcd,1649602011,53,17,6
abcd,1649602012,46,14,6
abcd,1649602013,76,35,7
abcd,1649602014,78,38,6
abcd,1649602015,51,40,7
abcd,1649602016,94,14,5
abcd,1649602017,77,15,5
abcd,1649602018,42,34,1
abcd,1649602020,82,38,7
abcd,1649602021,88,18,1
abcd,1649602022,56,21,2
abcd,1649602023,63,15,10
abcd,1649602024,90,19,7
abcd,1649602025,44,17,4
abcd,1649602026,72,13,4
abcd,1649602027,94,14,5
abcd,1649602028,100,21,1
abcd,1649602029,63,25,1
abcd,1649602030,94,32,9
abcd,1649602031,50,18,2
abcd,1649602032,48,13,2
abcd,1649602033,47,11,7
abcd,1649602034,88,29,3
abcd,1649602035,73,13,9
abcd,1649602037,62,16,3
abcd,1649602038,100,27,8
abcd,1649602039,84,17,4
abcd,1649602040,88,38,4
abcd,1649602041,48,21,9
abcd,1649602042,62,28,3
abcd,1649602043,73,24,3
abcd,1649602044,54,15,5
abcd,1649602045,90,33,2
abcd,1649602046,41,27,8
abcd,1649602047,66,17,1
abcd,1649602048,40,36,0
abcd,1649602049,92,37,3
abcd,1649602050,48,39,5
abcd,1649602051,80,40,4
abcd,1649602052,91,22,1
abcd,1649602053,78,15,3
abcd,1649602054,64,35,1
abcd,1649602055,53,40,3
abcd,1649602056,72,28,9
abcd,1649602057,42,18,6
abcd,1649602058,48,31,8
abcd,1649602059,58,38,5
abcd,1649602060,61,10,7
abcd,1649602061,44,33,9
abcd,1649602062,85,25,0
abcd,1649602064,76,12,7
abcd,1649602065,91,28,1
abcd,1649602067,47,14,6
abcd,1649602068,65,33,6
abcd,1649602069,55,21,8
abcd,1649602070,68,18,3
abcd,1649602071,77,37,4
abcd,1649602072,43,23,1
abcd,1649602073,86,37,0
abcd,1649602074,63,20,5
abcd,1649602075,40,28,2
abcd,1649602076,92,19,9
abcd,1649602077,67,33,0
abcd,1649602078,90,13,6
abcd,1649602079,44,32,9
abcd,1649602080,77,33,0
abcd,1649602081,87,26,2
abcd,1649602082,77,16,1
abcd,1649602083,95,18,8
abcd,1649602084,90,13,0
abcd,1649602085,98,30,10
abcd,1649602086,94,30,5
abcd,1649602087,89,26,5
abcd,1649602088,79,14,4
abcd,1649602089,48,27,7
abcd,1649602090,62,25,8
abcd,1649602092,85,10,2
abcd,1649602093,73,21,4
abcd,1649602094,45,37,8
abcd,1649602095,59,12,7
abcd,1649602096,53,36,2
abcd,1649602097,75,33,10
abcd,1649602098,99,19,6
abcd,1649602099,50,37,8
abcd,1649602100,72,26,5
abcd,1649602101,46,22,3
abcd,1649602102,47,26,3
abcd,1649602103,58,29,9
abcd,1649602104,58,29,10
abcd,1649602105,88,10,0
abcd,1649602106,76,25,2
abcd,1649602107,67,17,5
abcd,1649602108,51,36,0
abcd,1649602109,77,27,1
abcd,1649602110,68,27,6
abcd,1649602111,98,22,10
abcd,1649602112,73,30,2
abcd,1649602113,87,25,2
abcd,1649602114,85,28,4
abcd,1649602115,97,10,2
abcd,1649602116,46,27,5
abcd,1649602117,72,14,7
abcd,1649602118,58,13,1
abcd,1649602119,71,16,8
abcd,1649602121,56,27,2
abcd,1649602122,84,15,8
abcd,1649602123,91,24,6
abcd,1649602124,69,24,1
abcd,1649602125,64,19,7
abcd,1649602126,40,15,7
abcd,1649602127,70,40,6
abcd,1649602128,90,27,10
abcd,1649602129,69,12,8
abcd,1649602130,95,17,4
abcd,1649602131,72,24,10
abcd,1649602132,78,24,6
abcd,1649602133,78,36,1
abcd,1649602134,54,29,3
abcd,1649602135,62,40,3
abcd,1649602136,86,27,0
abcd,1649602137,99,27,6
abcd,1649602140,68,40,5
abcd,1649602141,73,26,8
abcd,1649602142,65,31,7
abcd,1649602143,58,12,5
abcd,1649602144,71,25,1
abcd,1649602145,77,34,7
abcd,1649602146,71,29,4
abcd,1649602147,94,39,3
abcd,1649602148,63,37,1
abcd,1649602149,73,36,10
abcd,1649602150,67,12,5
abcd,1649602151,72,20,2
abcd,1649602152,71,29,3
abcd,1649602153,93,14,8
abcd,1649602154,82,33,0
abcd,1649602155,54,12,3
abcd,1649602156,55,40,6
abcd,1649602157,56,26,8
abcd,1649602158,94,32,8
abcd,1649602159,92,24,0
abcd,1649602160,89,15,10
abcd,1649602161,60,10,9
abcd,1649602162,86,34,0
abcd,1649602163,70,18,7
abcd,1649602164,58,13,8
abcd,1649602166,68,39,6
abcd,1649602167,64,25,3
abcd,1649602168,41,12,7
abcd,1649602169,64,40,7
abcd,1649602170,70,37,8
abcd,1649602171,92,31,7
abcd,1649602172,76,19,7
abcd,1649602173,40,30,3
abcd,1649602174,61,25,9
abcd,1649602175,60,19,8
abcd,1649602176,56,37,0
abcd,1649602177,93,33,2
abcd,1649602178,53,39,5
abcd,1649602179,96,38,3
abcd,1649602180,70,15,4
abcd,1649602181,43,29,2
abcd,1649602182,51,15,6
abcd,1649602183,51,23,1
abcd,1649602184,59,38,0
abcd,1649602185,62,18,7
abcd,1649602186,78,13,4
abcd,1649602187,76,23,8
abcd,1649602188,49,16,5
abcd,1649602189,55,27,1
abcd,1649602190,66,32,4
abcd,1649602191,45,12,10
abcd,1649602192,51,40,2
abcd,1649602193,54,28,9
abcd,1649602194,70,28,6
abcd,1649602195,82,27,3
abcd,1649602196,61,40,1
abcd,1649602197,65,24,8
abcd,1649602199,100,33,0
abcd,1649602200,93,10,1
abcd,1649602201,61,35,1
abcd,1649602202,80,15,2
abcd,1649602203,56,25,5
abcd,1649602204,79,24,9
abcd,1649602206,74,28,10
abcd,1649602207,93,19,6
abcd,1649602208,44,33,1
abcd,1649602209,89,24,4
abcd,1649602210,40,23,5
abcd,1649602212,97,38,6
abcd,1649602213,41,34,2
abcd,1649602214,97,34,10
abcd,1649602215,62,37,2
abcd,1649602216,99,10,10
abcd,1649602217,47,38,3
abcd,1649602218,41,16,4
abcd,1649602219,58,28,5
abcd,1649602220,46,17,6
abcd,1649602221,46,20,3
abcd,1649602222,77,38,7
abcd,1649602223,57,23,10
abcd,1649602224,43,10,3
abcd,1649602225,59,28,3
abcd,1649602226,46,40,9
abcd,1649602227,79,26,4
abcd,1649602228,93,15,8
abcd,1649602229,64,22,2
abcd,1649602230,49,29,3
abcd,1649602231,56,16,0
abcd,1649602232,73,29,5
abcd,1649602233,60,28,7
abcd,1649602234,86,10,2
abcd,1649602235,45,15,7
abcd,1649602236,55,16,3
abcd,1649602237,82,21,3
abcd,1649602238,67,23,7
abcd,1649602239,100,36,6
abcd,1649602240,95,28,9
abcd,1649602242,74,31,8
abcd,1649602243,46,32,3
abcd,1649602244,74,31,7
abcd,1649602245,61,29,0
abcd,1649602246,94,28,10
abcd,1649602247,43,20,10
abcd,1649602248,72,15,6
abcd,1649602249,58,21,7
abcd,1649602250,55,12,9
abcd,1649602251,41,35,6
abcd,1649602252,84,16,3
abcd,1649602253,98,39,6
abcd,1649602254,56,18,3
abcd,1649602255,56,27,7
abcd,1649602256,56,32,2
abcd,1649602257,61,10,6
abcd,1649602258,100,35,9
abcd,1649602259,58,35,0
abcd,1649602260,51,21,4
abcd,1649602261,62,29,9
abcd,1649602262,47,33,2
abcd,1649602263,59,27,2
abcd,1649602264,100,10,3
abcd,1649602265,80,39,6
abcd,1649602266,58,29,8
abcd,1649602267,75,31,2
abcd,1649602268,51,38,2
abcd,1649602269,75,30,8
abcd,1649602270,54,25,6
abcd,1649602271,60,24,6
abcd,1649602272,88,36,2
abcd,1649602273,84,14,3
abcd,1649602274,86,13,8
abcd,1649602276,95,23,1
abcd,1649602277,94,23,3
abcd,1649602278,82,25,5
abcd,1649602279,49,30,5
abcd,1649602280,92,39,1
abcd,1649602281,43,28,7
abcd,1649602282,100,26,2
abcd,1649602283,91,31,4
abcd,1649602284,95,18,10
abcd,1649602285,65,30,4
abcd,1649602286,72,36,0
abcd,1649602287,80,38,9
abcd,1649602288,78,32,5
abcd,1649602289,64,14,1
abcd,1649602290,59,26,7
abcd,1649602291,83,40,3
abcd,1649602292,99,32,6
abcd,1649602293,42,29,8
abcd,1649602294,93,14,6
abcd,1649602295,79,34,9
abcd,1649602296,63,33,1
abcd,1649602297,58,23,3
abcd,1649602298,96,18,2
abcd,1649602299,54,37,0
abcd,1649602300,99,34,8
abcd,1649602301,68,29,7
abcd,1649602302,90,22,4
abcd,1649602303,66,37,4
abcd,1649602304,85,25,0
abcd,1649602305,45,39,3
abcd,1649602306,83,23,2
abcd,1649602307,62,16,0
abcd,1649602309,62,27,9
abcd,1649602310,41,17,6
abcd,1649602311,63,21,3
abcd,1649602312,87,11,3
abcd,1649602313,68,27,4
abcd,1649602314,95,16,2
abcd,1649602315,64,32,0
abcd,1649602316,51,16,4
abcd,1649602317,57,10,5
abcd,1649602318,71,35,6
abcd,1649602319,67,38,6
abcd,1649602320,52,21,1
abcd,1649602321,48,40,2
abcd,1649602322,92,32,5
abcd,1649602323,77,39,1
abcd,1649602324,88,14,3
abcd,1649602325,77,23,2
abcd,1649602326,44,20,6
abcd,1649602327,98,32,10
abcd,1649602328,91,11,7
abcd,1649602329,56,17,5
abcd,1649602330,77,17,8
abcd,1649602331,70,17,8
abcd,1649602332,70,21,4
abcd,1649602333,70,17,4
abcd,1649602334,78,15,8
abcd,1649602335,82,34,0
abcd,1649602336,43,36,5
abcd,1649602337,96,26,1
abcd,1649602338,43,11,2
abcd,1649602339,61,27,10
abcd,1649602340,96,32,1
abcd,1649602342,49,18,2
abcd,1649602343,70,40,0
abcd,1649602344,89,11,6
abcd,1649602345,86,18,6
abcd,1649602346,90,26,0
abcd,1649602347,65,12,6
abcd,1649602348,66,29,7
abcd,1649602349,90,38,0
abcd,1649602350,98,39,3
abcd,1649602351,80,29,5
abcd,1649602352,86,17,4
abcd,1649602353,86,37,8
abcd,1649602354,75,32,8
abcd,1649602355,52,29,8
abcd,1649602356,79,21,6
abcd,1649602357,83,17,9
abcd,1649602358,59,20,9
abcd,1649602359,88,21,6
abcd,1649602360,75,19,1
abcd,1649602361,80,13,6
abcd,1649602362,90,36,6
abcd,1649602363,41,28,9
abcd,1649602364,75,33,6
abcd,1649602365,43,24,3
abcd,1649602366,99,40,8
abcd,1649602367,41,34,0
abcd,1649602368,98,18,3
abcd,1649602369,73,16,5
abcd,1649602370,62,25,8
abcd,1649602372,91,14,6
abcd,1649602373,51,36,8
abcd,1649602374,45,25,10
abcd,1649602375,49,22,2
abcd,1649602376,67,39,10
abcd,1649602377,54,15,7
abcd,1649602378,85,24,4
abcd,1649602379,55,13,0
abcd,1649602380,69,11,0
abcd,1649602381,97,17,2
abcd,1649602382,55,15,6
abcd,1649602383,95,23,8
abcd,1649602384,67,34,10
abcd,1649602385,55,32,5
abcd,1649602386,95,37,3
abcd,1649602387,56,39,0
abcd,1649602388,76,16,9
abcd,1649602389,94,31,9
abcd,1649602390,74,16,0
abcd,1649602391,45,21,7
abcd,1649602392,90,40,3
abcd,1649602393,91,17,10
abcd,1649602394,78,16,8
abcd,1649602395,54,21,8
abcd,1649602396,68,20,5
abcd,1649602397,85,24,5
abcd,1649602398,76,37,0
abcd,1649602399,65,13,0
abcd,1649602400,81,29,1
abcd,1649602401,72,34,7
abcd,1649602402,73,20,6
abcd,1649602403,65,10,8
abcd,1649602404,74,10,8
abcd,1649602405,68,27,8
abcd,1649602406,76,12,5
abcd,1649602408,90,18,5
abcd,1649602409,96,26,10
abcd,1649602410,88,20,10
abcd,1649602411,70,36,2
abcd,1649602412,78,31,3
abcd,1649602413,61,31,1
abcd,1649602414,54,32,4
abcd,1649602415,81,24,7
abcd,1649602416,96,40,1
abcd,1649602417,84,34,0
abcd,1649602418,87,34,2
abcd,1649602419,64,37,4
abcd,1649602420,83,16,1
abcd,1649602421,75,37,3
abcd,1649602422,50,14,2
abcd,1649602423,60,37,3
abcd,1649602424,79,39,7
abcd,1649602425,88,24,6
abcd,1649602426,82,15,9
abcd,1649602427,43,39,8
abcd,1649602428,45,27,3
abcd,1649602429,57,14,7
abcd,1649602430,85,35,7
abcd,1649602431,97,32,1
abcd,1649602432,45,25,3
abcd,1649602433,68,20,6
abcd,1649602434,89,12,0
abcd,1649602435,80,11,9
abcd,1649602436,48,29,10
abcd,1649602437,41,25,7
abcd,1649602438,97,15,4
abcd,1649602440,69,28,2
abcd,1649602441,61,36,4
abcd,1649602442,41,20,8
abcd,1649602443,61,34,4
abcd,1649602444,73,32,2
abcd,1649602445,49,26,1
abcd,1649602446,73,21,2
abcd,1649602447,70,28,0
abcd,1649602448,65,12,7
abcd,1649602449,53,34,8
abcd,1649602450,79,20,8
abcd,1649602451,89,19,9
abcd,1649602452,53,17,10
abcd,1649602453,73,11,6
abcd,1649602454,96,32,9
abcd,1649602455,80,32,10
abcd,1649602456,47,28,8
abcd,1649602457,61,13,5
abcd,1649602458,87,29,8
abcd,1649602459,45,40,3
abcd,1649602460,89,32,4
abcd,1649602461,70,13,1
abcd,1649602462,89,35,4
abcd,1649602463,66,12,6
abcd,1649602464,76,33,6
abcd,1649602465,83,38,2
abcd,1649602466,60,15,10
abcd,1649602467,65,32,4
abcd,1649602468,61,35,8
abcd,1649602469,73,21,10
abcd,1649602470,53,11,1
abcd,1649602471,86,11,5
abcd,1649602473,74,17,2
abcd,1649602474,66,27,5
abcd,1649602475,69,33,10
abcd,1649602476,50,39,7
abcd,1649602477,75,40,5
abcd,1649602478,52,38,6
abcd,1649602479,88,33,0
abcd,1649602480,53,10,7
abcd,1649602481,60,28,2
abcd,1649602482,67,24,4
abcd,1649602483,62,30,10
abcd,1649602484,42,12,8
abcd,1649602485,94,37,8
abcd,1649602486,66,27,7
abcd,1649602487,94,14,0
abcd,1649602488,56,35,2
abcd,1649602489,65,12,6
abcd,1649602490,65,27,8
abcd,1649602491,50,24,7
abcd,1649602492,98,22,8
abcd,1649602493,46,19,7
abcd,1649602494,79,21,4
abcd,1649602495,100,17,7
abcd,1649602496,55,14,4
abcd,1649602497,60,36,5
abcd,1649602498,100,16,0
abcd,1649602499,92,16,0
abcd,1649602500,88,17,6
abcd,1649602501,94,28,3
abcd,1649602502,95,40,0
abcd,1649602504,95,18,4
abcd,1649602505,62,18,7
abcd,1649602506,75,13,2
abcd,1649602507,78,19,5
abcd,1649602508,75,37,5
abcd,1649602509,79,15,9
abcd,1649602510,91,20,8
abcd,1649602511,42,30,0
abcd,1649602512,94,34,5
abcd,1649602513,93,26,1
abcd,1649602514,86,28,4
abcd,1649602515,83,20,10
abcd,1649602516,90,23,0
abcd,1649602517,56,22,5
abcd,1649602518,95,40,4
abcd,1649602519,90,40,5
abcd,1649602520,82,30,0
abcd,1649602521,80,16,0
abcd,1649602522,57,33,5
abcd,1649602523,90,17,1
abcd,1649602524,69,23,1
abcd,1649602525,71,40,7
abcd,1649602526,66,22,3
abcd,1649602527,82,13,0
abcd,1649602528,88,19,4
abcd,1649602529,42,17,1
abcd,1649602530,99,39,7
abcd,1649602531,78,17,5
abcd,1649602532,66,11,4
abcd,1649602533,73,28,5
abcd,1649602534,82,28,1
abcd,1649602535,85,20,6
abcd,1649602536,42,12,9
abcd,1649602537,76,31,6
abcd,1649602538,97,19,1
abcd,1649602539,76,23,4
abcd,1649602540,71,32,8
abcd,1649602541,59,28,5
abcd,1649602542,78,18,10
abcd,1649602543,77,25,9
abcd,1649602544,91,19,4
abcd,1649602545,71,23,6
abcd,1649602547,70,30,5
abcd,1649602548,72,38,2
abcd,1649602549,95,33,7
abcd,1649602550,43,25,2
abcd,1649602551,84,14,3
abcd,1649602552,45,26,6
abcd,1649602553,65,18,2
abcd,1649602554,88,36,8
abcd,1649602555,48,36,8
abcd,1649602556,90,35,3
abcd,1649602557,80,18,8
abcd,1649602558,73,31,1
abcd,1649602559,88,31,8
abcd,1649602560,65,26,0
abcd,1649602561,50,40,6
abcd,1649602562,64,32,4
abcd,1649602563,51,33,7
abcd,1649602564,64,15,8
abcd,1649602565,91,14,4
abcd,1649602566,58,37,1
abcd,1649602567,48,33,8
abcd,1649602568,67,14,5
abcd,1649602569,98,15,0
abcd,1649602570,68,20,5
abcd,1649602571,96,23,1
abcd,1649602572,49,17,10
abcd,1649602573,74,24,1
abcd,1649602574,92,30,6
abcd,1649602575,40,10,4
abcd,1649602576,42,17,10
abcd,1649602577,74,21,10
abcd,1649602578,92,12,8
abcd,1649602579,59,14,8
abcd,1649602580,86,22,7
abcd,1649602581,82,25,10
abcd,1649602582,87,36,7
abcd,1649602583,85,11,9
abcd,1649602584,92,22,4
abcd,1649602585,87,10,2
abcd,1649602586,89,24,2
abcd,1649602587,78,11,7
abcd,1649602588,64,33,4
abcd,1649602590,84,29,3
abcd,1649602591,61,39,6
abcd,1649602592,46,15,7
abcd,1649602593,53,17,3
abcd,1649602594,54,26,6
abcd,1649602595,72,29,4
abcd,1649602596,58,29,5
abcd,1649602597,40,21,6
abcd,1649602598,67,37,7
abcd,1649602599,79,27,6
abcd,1649602600,62,12,7
abcd,1649602601,66,23,5
abcd,1649602602,53,17,5
abcd,1649602603,43,31,6
abcd,1649602604,53,18,9
abcd,1649602605,73,30,5
abcd,1649602606,77,16,8
abcd,1649602607,69,10,9
abcd,1649602608,45,16,1
abcd,1649602609,61,13,8
abcd,1649602610,41,15,0
abcd,1649602611,69,26,7
abcd,1649602612,71,14,0
abcd,1649602613,67,24,9
abcd,1649602614,40,40,7
abcd,1649602615,75,14,1
abcd,1649602616,58,34,1
abcd,1649602617,61,16,3
abcd,1649602618,56,14,6
abcd,1649602619,48,14,2
abcd,1649602621,88,28,6
abcd,1649602622,45,25,5
abcd,1649602623,78,16,9
abcd,1649602624,71,25,0
abcd,1649602625,52,14,3
abcd,1649602626,64,26,10
abcd,1649602627,73,30,1
abcd,1649602628,68,16,0
abcd,1649602629,41,23,7
abcd,1649602630,40,26,4
abcd,1649602631,62,22,2
abcd,1649602632,96,29,9
abcd,1649602633,40,25,2
abcd,1649602634,47,10,4
abcd,1649602635,43,26,2
abcd,1649602636,64,35,0
abcd,1649602637,99,13,1
abcd,1649602638,86,15,8
abcd,1649602639,63,28,0
abcd,1649602640,40,34,4
abcd,1649602641,91,12,10
abcd,1649602642,45,36,4
abcd,1649602643,85,39,4
abcd,1649602644,62,10,6
abcd,1649602645,63,16,10
abcd,1649602646,77,12,3
abcd,1649602647,56,28,8
abcd,1649602648,41,23,4
abcd,1649602650,56,40,1
abcd,1649602651,59,17,6
abcd,1649602652,71,30,5
abcd,1649602653,53,17,6
abcd,1649602654,41,22,0
abcd,1649602655,98,14,2
abcd,1649602656,55,14,8
abcd,1649602657,48,15,3
abcd,1649602658,48,12,10
abcd,1649602659,54,18,0
abcd,1649602660,89,10,0
abcd,1649602661,85,25,10
abcd,1649602662,73,12,0
abcd,1649602663,54,23,0
abcd,1649602664,64,40,10
abcd,1649602665,97,29,8
abcd,1649602666,83,27,8
abcd,1649602667,60,24,7
abcd,1649602668,58,33,10
abcd,1649602669,70,34,8
abcd,1649602670,50,35,7
abcd,1649602671,69,15,10
abcd,1649602672,46,38,3
abcd,1649602673,58,13,10
abcd,1649602674,60,36,8
abcd,1649602675,47,29,7
abcd,1649602678,59,16,8
abcd,1649602679,52,11,6
abcd,1649602680,80,23,0
abcd,1649602681,66,31,5
abcd,1649602682,42,31,5
abcd,1649602683,52,21,2
abcd,1649602684,98,17,9
abcd,1649602685,72,20,5
abcd,1649602686,69,19,0
abcd,1649602687,96,32,10
abcd,1649602688,44,27,7
abcd,1649602689,85,22,8
abcd,1649602690,84,24,0
abcd,1649602691,69,13,3
abcd,1649602692,63,17,8
abcd,1649602693,57,38,5
abcd,1649602694,55,23,3
abcd,1649602695,77,32,7
abcd,1649602696,49,21,7
abcd,1649602697,47,30,2
abcd,1649602698,46,38,10
abcd,1649602699,76,30,3
abcd,1649602700,57,19,1
abcd,1649602701,90,40,5
abcd,1649602702,71,25,6
abcd,1649602704,43,31,2
abcd,1649602705,42,24,0
abcd,1649602706,64,27,7
abcd,1649602707,55,39,7
abcd,1649602708,70,26,8
abcd,1649602709,64,12,4
abcd,1649602710,42,40,10
abcd,1649602711,78,35,4
abcd,1649602712,49,40,10
abcd,1649602713,53,21,7
abcd,1649602714,94,21,1
abcd,1649602715,40,14,10
abcd,1649602716,61,38,7
abcd,1649602717,52,18,0
abcd,1649602718,83,24,4
abcd,1649602719,48,20,7
abcd,1649602720,75,22,10
abcd,1649602721,68,10,5
abcd,1649602722,59,35,10
abcd,1649602723,71,11,1
abcd,1649602724,93,33,3
abcd,1649602725,86,21,1
abcd,1649602726,52,20,3
abcd,1649602727,57,21,10
abcd,1649602728,79,18,3
abcd,1649602729,74,37,9
abcd,1649602730,42,24,4
abcd,1649602731,98,23,4
abcd,1649602732,77,22,4
abcd,1649602733,77,38,8
abcd,1649602734,72,32,7
abcd,1649602735,50,35,7
abcd,1649602736,61,35,10
abcd,1649602737,78,10,9
abcd,1649602738,56,40,7
abcd,1649602739,40,12,0
abcd,1649602740,76,16,9
abcd,1649602741,66,13,0
abcd,1649602742,94,40,0
abcd,1649602743,62,32,10
abcd,1649602745,44,38,2
abcd,1649602746,48,36,2
abcd,1649602747,85,21,3
abcd,1649602748,50,36,7
abcd,1649602749,77,34,2
abcd,1649602750,50,36,1
abcd,1649602751,67,27,0
abcd,1649602752,45,31,9
abcd,1649602753,83,12,4
abcd,1649602754,61,17,8
abcd,1649602755,62,17,2
abcd,1649602756,80,20,5
abcd,1649602757,57,20,0
abcd,1649602758,68,19,8
abcd,1649602759,82,30,2
abcd,1649602760,84,29,10
abcd,1649602761,55,21,3
abcd,1649602762,45,11,5
abcd,1649602763,93,36,2
abcd,1649602764,92,18,4
abcd,1649602765,47,31,6
abcd,1649602766,80,12,3
abcd,1649602767,59,26,1
abcd,1649602768,41,31,6
abcd,1649602769,54,26,4
abcd,1649602770,70,15,4
abcd,1649602771,52,36,1
abcd,1649602772,78,11,3
abcd,1649602773,89,11,2
abcd,1649602774,99,15,4
abcd,1649602775,98,30,5
abcd,1649602776,49,23,9
abcd,1649602777,56,16,10
abcd,1649602778,85,40,9
abcd,1649602779,84,15,10
abcd,1649602781,72,33,3
abcd,1649602782,93,24,10
abcd,1649602783,47,14,10
abcd,1649602784,80,27,3
abcd,1649602785,92,29,4
abcd,1649602786,74,29,10
abcd,1649602787,52,12,9
abcd,1649602788,57,10,2
abcd,1649602789,94,30,5
abcd,1649602790,63,26,1
abcd,1649602791,50,35,5
abcd,1649602792,94,22,5
abcd,1649602793,74,25,5
abcd,1649602794,78,12,1
abcd,1649602795,57,34,0
abcd,1649602796,48,39,6
abcd,1649602797,67,18,10
abcd,1649602798,99,13,0
abcd,1649602799,45,21,9
abcd,1649602800,63,29,6
abcd,1649602801,47,27,6
abcd,1649602802,56,30,7
abcd,1649602803,76,25,0
abcd,1649602804,90,27,0
abcd,1649602805,80,36,7
abcd,1649602806,49,10,7
abcd,1649602807,60,35,0
abcd,1649602808,72,34,8
abcd,1649602809,90,28,10
abcd,1649602810,97,25,4
abcd,1649602811,47,39,7
abcd,1649602812,77,32,10
abcd,1649602813,81,10,7
abcd,1649602814,78,33,9
abcd,1649602815,79,27,4
abcd,1649602816,58,20,2
abcd,1649602817,40,14,1
abcd,1649602818,54,37,1
abcd,1649602819,50,15,9
abcd,1649602820,79,40,3
abcd,1649602821,93,35,9
abcd,1649602822,53,31,6
abcd,1649602823,93,10,0
abcd,1649602824,50,31,2
abcd,1649602825,55,12,3
abcd,1649602828,61,19,5
abcd,1649602829,61,18,6
abcd,1649602830,50,20,7
abcd,1649602831,87,33,0
abcd,1649602832,52,22,0
abcd,1649602833,97,23,9
abcd,1649602834,41,33,8
abcd,1649602835,89,14,2
abcd,1649602836,59,17,0
abcd,1649602837,89,28,6
abcd,1649602838,58,15,10
abcd,1649602839,48,16,1
abcd,1649602840,42,40,1
abcd,1649602841,84,19,7
abcd,1649602842,87,22,10
abcd,1649602843,94,10,6
abcd,1649602844,55,40,0
abcd,1649602845,65,14,1
abcd,1649602846,74,39,2
abcd,1649602847,65,39,8
abcd,1649602848,65,31,0
abcd,1649602849,74,37,10
abcd,1649602850,65,40,1
abcd,1649602851,83,35,5
abcd,1649602852,87,34,3
abcd,1649602853,58,21,9
abcd,1649602854,72,40,3
abcd,1649602855,57,15,4
abcd,1649602856,55,30,0
abcd,1649602857,86,14,10
abcd,1649602859,97,31,3
abcd,1649602860,41,11,5
abcd,1649602861,48,16,10
abcd,1649602862,88,27,8
abcd,1649602863,92,18,1
abcd,1649602864,89,38,9
abcd,1649602865,61,28,4
abcd,1649602866,43,33,6
abcd,1649602867,75,24,2
abcd,1649602868,85,30,9
abcd,1649602869,89,39,5
abcd,1649602870,72,33,6
abcd,1649602871,89,22,8
abcd,1649602872,98,22,7
abcd,1649602873,68,39,7
abcd,1649602874,90,35,9
abcd,1649602875,42,38,6
abcd,1649602876,77,10,1
abcd,1649602877,86,11,4
abcd,1649602878,43,40,3
abcd,1649602879,97,25,3
abcd,1649602880,67,38,1
abcd,1649602881,60,24,7
abcd,1649602882,77,31,0
abcd,1649602883,74,24,1
abcd,1649602884,63,20,2
abcd,1649602885,87,16,10
abcd,1649602886,75,32,10
abcd,1649602887,86,26,5
abcd,1649602888,61,14,0
abcd,1649602889,81,25,2
abcd,1649602890,95,35,4
abcd,1649602891,58,24,10
abcd,1649602892,41,20,4
abcd,1649602893,53,27,3
abcd,1649602895,99,40,9
abcd,1649602896,61,14,4
abcd,1649602897,90,10,8
abcd,1649602898,50,29,6
abcd,1649602899,47,18,6
abcd,1649602900,92,15,7
abcd,1649602901,76,19,7
abcd,1649602902,42,24,10
abcd,1649602903,65,14,10
abcd,1649602904,55,12,5
abcd,1649602905,96,34,10
abcd,1649602906,95,15,3
abcd,1649602907,84,27,2
abcd,1649602908,48,32,5
abcd,1649602909,99,26,7
abcd,1649602910,59,33,7
abcd,1649602911,75,23,2
abcd,1649602912,61,12,8
abcd,1649602913,56,21,9
abcd,1649602914,51,12,9
abcd,1649602915,68,31,1
abcd,1649602916,68,30,6
abcd,1649602917,79,17,4
abcd,1649602918,43,20,3
abcd,1649602919,49,17,3
abcd,1649602920,54,29,0
abcd,1649602921,100,28,2
abcd,1649602922,63,26,2
abcd,1649602923,68,34,6
abcd,1649602924,40,12,2
abcd,1649602925,64,15,2
abcd,1649602926,53,39,6
abcd,1649602928,73,33,8
abcd,1649602929,66,37,1
abcd,1649602930,49,23,9
abcd,1649602931,81,34,10
abcd,1649602932,81,28,10
abcd,1649602933,79,18,4
abcd,1649602934,94,26,8
abcd,1649602935,90,40,7
abcd,1649602936,68,23,6
abcd,1649602937,71,34,1
abcd,1649602938,92,17,2
abcd,1649602939,70,28,8
abcd,1649602940,84,13,10
abcd,1649602941,45,14,8
abcd,1649602942,58,15,5
abcd,1649602943,63,11,10
abcd,1649602944,76,31,2
abcd,1649602945,72,17,0
abcd,1649602946,74,26,0
abcd,1649602947,45,11,7
abcd,1649602948,91,26,9
abcd,1649602949,48,40,8
abcd,1649602950,40,11,1
abcd,1649602951,52,18,5
abcd,1649602952,99,37,10
abcd,1649602953,53,20,4
abcd,1649602954,74,20,9
abcd,1649602955,92,19,2
abcd,1649602956,98,28,0
abcd,1649602957,100,15,6
abcd,1649602958,88,23,5
abcd,1649602959,76,16,3
abcd,1649602961,100,20,8
abcd,1649602962,69,40,1
abcd,1649602963,79,14,3
abcd,1649602964,52,22,1
abcd,1649602965,43,38,7
abcd,1649602966,97,33,9
abcd,1649602967,49,32,4
abcd,1649602968,88,39,9
abcd,1649602969,48,28,6
abcd,1649602970,88,23,10
abcd,1649602971,50,14,6
abcd,1649602972,72,15,8
abcd,1649602973,87,20,8
abcd,1649602974,89,27,10
abcd,1649602975,96,12,10
abcd,1649602976,94,36,4
abcd,1649602977,51,23,7
abcd,1649602978,75,23,2
abcd,1649602979,96,27,1
abcd,1649602980,75,15,10
abcd,1649602981,85,23,6
abcd,1649602982,59,12,10
abcd,1649602983,45,23,3
abcd,1649602984,86,36,4
abcd,1649602985,66,10,4
abcd,1649602986,77,27,5
abcd,1649602987,73,21,6
abcd,1649602988,89,16,3
abcd,1649602989,98,16,0
abcd,1649602990,87,28,10
abcd,1649602991,97,12,1
abcd,1649602992,42,30,7
abcd,1649602994,88,23,6
abcd,1649602995,59,12,10
abcd,1649602996,90,14,4
abcd,1649602997,82,32,9
abcd,1649602998,54,13,4
abcd,1649602999,70,37,5
abcd,1649603000,45,22,9
abcd,1649603001,66,17,7
abcd,1649603002,66,21,9
abcd,1649603003,93,37,4
abcd,1649603004,60,14,5
abcd,1649603005,53,32,1
abcd,1649603006,64,24,5
abcd,1649603007,40,27,10
abcd,1649603008,46,40,1
abcd,1649603009,79,19,8
abcd,1649603010,40,31,4
abcd,1649603011,89,37,9
abcd,1649603012,60,29,0
abcd,1649603013,41,30,8
abcd,1649603014,78,36,7
abcd,1649603015,93,29,1
abcd,1649603016,88,25,8
abcd,1649603017,87,22,2
abcd,1649603018,100,32,6
abcd,1649603019,74,39,8
abcd,1649603020,52,17,1
abcd,1649603021,64,28,8
abcd,1649603022,58,38,9
abcd,1649603023,94,20,5
abcd,1649603024,81,37,3
abcd,1649603025,44,37,8
abcd,1649603026,87,23,7
abcd,1649603027,59,35,10
abcd,1649603028,51,34,0
abcd,1649603029,45,19,3
abcd,1649603031,86,39,9
abcd,1649603032,79,16,5
abcd,1649603033,82,10,3
abcd,1649603034,100,18,5
abcd,1649603035,90,32,1
abcd,1649603036,69,11,0
abcd,1649603037,51,26,4
abcd,1649603038,92,32,9
abcd,1649603039,63,13,6
abcd,1649603040,54,29,6
abcd,1649603041,92,21,0
abcd,1649603042,76,34,2
abcd,1649603043,69,13,2
abcd,1649603044,95,26,6
abcd,1649603045,74,25,3
abcd,1649603046,79,40,7
abcd,1649603047,82,36,2
abcd,1649603048,66,15,8
abcd,1649603049,81,37,10
abcd,1649603050,54,29,6
abcd,1649603051,40,18,6
abcd,1649603052,43,38,4
abcd,1649603053,68,28,10
abcd,1649603054,80,24,6
abcd,1649603055,51,30,3
abcd,1649603056,51,18,6
abcd,1649603057,43,17,2
abcd,1649603058,82,29,5
abcd,1649603059,66,39,8
abcd,1649603060,68,25,8
abcd,1649603061,53,21,3
abcd,1649603062,87,11,4
abcd,1649603063,97,32,0
abcd,1649603064,96,22,6
abcd,1649603065,97,38,9
abcd,1649603066,93,34,0
abcd,1649603068,60,35,5
abcd,1649603069,83,38,7
abcd,1649603070,81,32,2
abcd,1649603071,68,34,6
abcd,1649603072,49,36,8
abcd,1649603073,48,23,6
abcd,1649603074,61,11,3
abcd,1649603075,90,34,0
abcd,1649603076,73,33,10
abcd,1649603077,67,14,2
abcd,1649603078,76,19,3
abcd,1649603079,50,14,10
abcd,1649603080,42,22,3
abcd,1649603081,79,38,5
abcd,1649603082,59,30,8
abcd,1649603083,56,18,8
abcd,1649603084,74,19,4
abcd,1649603085,59,31,7
abcd,1649603086,51,17,8
abcd,1649603087,91,29,7
abcd,1649603088,79,38,6
abcd,1649603089,56,40,1
abcd,1649603090,63,27,4
abcd,1649603091,70,30,6
abcd,1649603092,53,17,1
abcd,1649603093,92,28,0
abcd,1649603094,57,20,3
abcd,1649603095,57,14,1
abcd,1649603096,78,39,5
abcd,1649603097,80,35,4
abcd,1649603098,99,24,9
abcd,1649603099,59,31,3
abcd,1649603100,50,22,0
abcd,1649603101,59,14,1
abcd,1649603102,66,40,2
abcd,1649603103,86,40,9
abcd,1649603104,67,28,3
abcd,1649603106,60,39,7
abcd,1649603107,90,40,3
abcd,1649603108,95,38,2
abcd,1649603109,40,20,2
abcd,1649603110,96,30,3
abcd,1649603111,81,35,10
abcd,1649603112,54,17,7
abcd,1649603113,82,32,8
abcd,1649603114,55,31,7
abcd,1649603115,55,23,6
abcd,1649603116,69,38,9
abcd,1649603118,98,13,1
abcd,1649603119,43,30,6
abcd,1649603120,70,37,4
abcd,1649603121,74,15,4
abcd,1649603122,65,18,0
abcd,1649603123,85,22,5
abcd,1649603124,49,32,1
abcd,1649603125,76,16,6
abcd,1649603126,60,25,9
abcd,1649603127,97,12,1
abcd,1649603128,59,11,3
abcd,1649603129,66,31,9
abcd,1649603130,71,26,3
abcd,1649603131,96,18,6
abcd,1649603132,68,31,10
abcd,1649603133,74,13,4
abcd,1649603134,88,39,5
abcd,1649603135,81,28,9
abcd,1649603136,84,21,1
abcd,1649603137,70,24,1
abcd,1649603139,98,11,3
abcd,1649603140,60,19,0
abcd,1649603141,66,12,9
abcd,1649603142,74,34,0
abcd,1649603143,44,21,5
abcd,1649603144,60,12,6
abcd,1649603145,73,10,4
abcd,1649603146,84,12,1
abcd,1649603147,65,33,9
abcd,1649603148,91,37,3
abcd,1649603149,85,32,5
abcd,1649603150,49,24,5
abcd,1649603151,100,23,5
abcd,1649603152,79,26,6
abcd,1649603153,73,19,0
abcd,1649603154,40,22,6
abcd,1649603155,42,17,3
abcd,1649603156,83,29,4
abcd,1649603157,47,25,4
abcd,1649603158,53,30,9
abcd,1649603159,69,38,9
abcd,1649603160,90,20,9
abcd,1649603161,99,26,6
abcd,1649603162,59,32,8
abcd,1649603163,63,18,3
abcd,1649603164,46,35,5
abcd,1649603165,49,40,0
abcd,1649603166,46,33,3
abcd,1649603168,49,10,9
abcd,1649603169,90,20,9
abcd,1649603170,73,17,5
abcd,1649603171,57,36,5
abcd,1649603172,51,34,6
abcd,1649603173,50,19,10
abcd,1649603174,51,10,0
abcd,1649603175,48,23,4
abcd,1649603176,46,27,9
abcd,1649603177,79,21,3
abcd,1649603178,96,29,5
abcd,1649603179,62,14,1
abcd,1649603180,90,18,2
abcd,1649603181,99,22,9
abcd,1649603182,71,36,7
abcd,1649603183,54,34,10
abcd,1649603184,48,38,3
abcd,1649603185,77,40,4
abcd,1649603186,79,17,3
abcd,1649603187,84,30,7
abcd,1649603188,42,37,10
abcd,1649603189,67,20,8
abcd,1649603190,56,17,0
abcd,1649603191,80,22,0
abcd,1649603192,94,24,2
abcd,1649603193,56,33,10
abcd,1649603194,47,20,1
abcd,1649603195,48,12,9
abcd,1649603196,82,11,7
abcd,1649603197,42,33,7
abcd,1649603198,40,13,6
abcd,1649603200,51,30,8
abcd,1649603201,79,22,4
abcd,1649603202,67,18,0
abcd,1649603203,88,29,3
abcd,1649603204,67,33,9
abcd,1649603205,63,24,5
abcd,1649603206,88,39,4
abcd,1649603207,91,18,3
abcd,1649603208,99,40,7
abcd,1649603209,50,20,9
abcd,1649603210,56,16,8
abcd,1649603211,75,25,8
abcd,1649603212,60,32,2
abcd,1649603213,65,27,0
abcd,1649603214,77,16,8
abcd,1649603215,86,25,2
abcd,1649603216,52,27,9
abcd,1649603217,69,34,6
abcd,1649603218,84,13,7
abcd,1649603219,47,23,6
abcd,1649603220,68,31,5
abcd,1649603221,46,16,6
abcd,1649603222,65,23,9
abcd,1649603223,60,18,4
abcd,1649603224,77,40,0
abcd,1649603225,69,19,6
abcd,1649603226,65,14,3
abcd,1649603227,71,20,1
abcd,1649603228,60,36,6
abcd,1649603229,63,23,5
abcd,1649603231,84,11,0
abcd,1649603232,71,19,3
abcd,1649603233,98,21,2
abcd,1649603234,84,40,2
abcd,1649603235,49,21,2
abcd,1649603236,94,40,4
abcd,1649603237,95,14,10
abcd,1649603238,60,34,8
abcd,1649603239,77,18,2
abcd,1649603240,87,20,0
abcd,1649603241,89,19,3
abcd,1649603242,62,13,3
abcd,1649603243,89,36,3
abcd,1649603244,97,37,6
abcd,1649603245,45,34,8
abcd,1649603246,87,12,6
abcd,1649603247,93,10,8
abcd,1649603248,82,29,9
abcd,1649603249,62,25,8
abcd,1649603250,68,21,2
abcd,1649603251,62,22,8
abcd,1649603252,54,37,9
abcd,1649603253,63,35,3
abcd,1649603254,65,13,9
abcd,1649603255,82,22,3
abcd,1649603256,73,24,7
abcd,1649603257,100,29,3
abcd,1649603258,45,40,3
abcd,1649603259,86,28,10
abcd,1649603260,89,25,2
abcd,1649603261,99,16,2
abcd,1649603262,93,37,7
abcd,1649603264,85,35,4
abcd,1649603265,63,26,6
abcd,1649603266,43,18,9
abcd,1649603267,48,38,10
abcd,1649603268,63,37,6
abcd,1649603269,58,28,5
abcd,1649603270,83,12,1
abcd,1649603271,64,36,1
abcd,1649603272,47,33,6
abcd,1649603273,51,30,1
abcd,1649603274,94,35,9
abcd,1649603275,49,10,4
abcd,1649603276,41,34,7
abcd,1649603277,90,21,10
abcd,1649603278,48,16,7
abcd,1649603279,70,19,1
abcd,1649603280,61,14,10
abcd,1649603281,62,23,10
abcd,1649603282,54,35,10
abcd,1649603283,42,27,6
abcd,1649603284,98,37,7
abcd,1649603285,76,31,9
abcd,1649603286,91,20,5
abcd,1649603287,85,22,4
abcd,1649603288,71,30,3
abcd,1649603289,65,22,1
abcd,1649603290,53,36,1
abcd,1649603291,72,27,4
abcd,1649603292,41,37,5
abcd,1649603293,60,13,9
abcd,1649603294,94,19,5
abcd,1649603295,79,37,0
abcd,1649603296,48,17,0
abcd,1649603297,95,11,6
abcd,1649603298,72,25,8
abcd,1649603299,89,31,9
abcd,1649603300,56,17,5
abcd,1649603301,89,16,9
abcd,1649603303,45,30,2
abcd,1649603304,93,16,6
abcd,1649603305,63,34,5
abcd,1649603306,49,38,3
abcd,1649603307,97,40,5
abcd,1649603308,55,10,5
abcd,1649603309,49,23,1
abcd,1649603310,56,25,7
abcd,1649603311,42,15,6
abcd,1649603312,65,10,10
abcd,1649603313,87,18,1
abcd,1649603314,50,37,3
abcd,1649603315,80,35,2
abcd,1649603316,88,28,8
abcd,1649603317,89,15,1
abcd,1649603318,57,15,4
abcd,1649603319,59,13,10
abcd,1649603320,71,31,3
abcd,1649603321,98,21,1
abcd,1649603322,59,19,0
abcd,1649603323,88,33,2
abcd,1649603324,66,15,9
abcd,1649603325,85,20,7
abcd,1649603326,86,35,4
abcd,1649603327,43,39,6
abcd,1649603328,95,37,3
abcd,1649603329,94,21,3
abcd,1649603330,66,21,4
abcd,1649603331,83,10,6
abcd,1649603333,92,10,5
abcd,1649603334,76,29,0
abcd,1649603335,85,37,4
abcd,1649603336,86,36,6
abcd,1649603337,92,20,2
abcd,1649603338,64,20,9
abcd,1649603339,42,19,6
abcd,1649603340,61,34,5
abcd,1649603341,68,24,1
abcd,1649603342,90,33,2
abcd,1649603343,87,33,10
abcd,1649603344,46,12,4
abcd,1649603345,55,14,7
abcd,1649603346,95,17,9
abcd,1649603347,93,27,6
abcd,1649603348,57,15,8
abcd,1649603349,56,35,1
abcd,1649603350,49,26,9
abcd,1649603351,54,27,9
abcd,1649603352,45,17,6
abcd,1649603353,47,33,10
abcd,1649603354,72,30,3
abcd,1649603355,50,33,3
abcd,1649603356,65,37,0
abcd,1649603357,78,36,7
abcd,1649603358,85,38,1
abcd,1649603359,67,40,4
abcd,1649603360,75,37,5
abcd,1649603361,68,18,1
abcd,1649603362,75,22,8
abcd,1649603363,51,20,8
abcd,1649603365,68,12,2
abcd,1649603366,98,12,6
abcd,1649603367,63,20,7
abcd,1649603368,69,40,10
abcd,1649603369,62,27,3
abcd,1649603370,62,17,8
abcd,1649603371,44,34,8
abcd,1649603372,81,17,9
abcd,1649603373,89,37,7
abcd,1649603374,99,28,9
abcd,1649603375,72,10,5
abcd,1649603376,98,23,7
abcd,1649603377,84,29,3
abcd,1649603378,87,17,5
abcd,1649603379,81,31,7
abcd,1649603380,85,20,0
abcd,1649603381,78,25,6
abcd,1649603382,87,27,7
abcd,1649603383,97,37,3
abcd,1649603384,79,39,6
abcd,1649603385,76,12,0
abcd,1649603386,92,14,4
abcd,1649603387,85,31,3
abcd,1649603388,84,24,2
abcd,1649603389,44,17,5
abcd,1649603390,63,32,3
abcd,1649603391,41,18,0
abcd,1649603392,83,32,6
abcd,1649603393,59,23,8
abcd,1649603394,58,32,9
abcd,1649603395,98,16,4
abcd,1649603396,90,31,7
abcd,1649603398,58,33,1
abcd,1649603399,47,12,10
abcd,1649603400,55,25,9
abcd,1649603401,91,20,0
abcd,1649603402,67,40,9
abcd,1649603403,49,20,7
abcd,1649603404,74,16,5
abcd,1649603405,78,19,9
abcd,1649603406,47,23,8
abcd,1649603407,88,40,3
abcd,1649603408,87,34,8
abcd,1649603409,62,18,7
abcd,1649603410,52,14,5
abcd,1649603411,64,19,9
abcd,1649603412,64,14,6
abcd,1649603413,47,38,3
abcd,1649603414,93,18,7
abcd,1649603415,58,33,7
abcd,1649603416,74,35,5
